Doenca,Ano,Mes,Cod_UF,Casos,Obitos
Chikungunya,2016,1,11,39,0
Chikungunya,2016,1,12,12,0
Chikungunya,2016,1,13,14,0
Chikungunya,2016,1,14,1,0
Chikungunya,2016,1,15,83,0
Chikungunya,2016,1,17,71,0
Chikungunya,2016,1,21,171,0
Chikungunya,2016,1,22,3,0
Chikungunya,2016,1,23,35,0
Chikungunya,2016,1,24,240,0
Chikungunya,2016,1,25,67,1
Chikungunya,2016,1,26,7705,10
Chikungunya,2016,1,27,696,0
Chikungunya,2016,1,28,474,0
Chikungunya,2016,1,29,3060,0
Chikungunya,2016,1,31,106,1
Chikungunya,2016,1,32,27,0
Chikungunya,2016,1,33,100,0
Chikungunya,2016,1,35,487,0
Chikungunya,2016,1,41,44,0
Chikungunya,2016,1,42,33,0
Chikungunya,2016,1,43,14,0
Chikungunya,2016,1,50,49,0
Chikungunya,2016,1,51,109,0
Chikungunya,2016,1,52,28,0
Chikungunya,2016,1,53,48,0
Chikungunya,2016,2,11,115,0
Chikungunya,2016,2,12,40,0
Chikungunya,2016,2,13,26,0
Chikungunya,2016,2,15,159,0
Chikungunya,2016,2,16,12,0
Chikungunya,2016,2,17,107,0
Chikungunya,2016,2,21,496,0
Chikungunya,2016,2,22,17,1
Chikungunya,2016,2,23,174,1
Chikungunya,2016,2,24,2509,10
Chikungunya,2016,2,25,490,3
Chikungunya,2016,2,26,12324,24
Chikungunya,2016,2,27,1287,0
Chikungunya,2016,2,28,1849,0
Chikungunya,2016,2,29,13067,4
Chikungunya,2016,2,31,226,0
Chikungunya,2016,2,32,24,0
Chikungunya,2016,2,33,296,0
Chikungunya,2016,2,35,864,0
Chikungunya,2016,2,41,94,0
Chikungunya,2016,2,42,60,0
Chikungunya,2016,2,43,25,0
Chikungunya,2016,2,50,77,0
Chikungunya,2016,2,51,157,0
Chikungunya,2016,2,52,45,0
Chikungunya,2016,2,53,95,0
Chikungunya,2016,3,11,119,0
Chikungunya,2016,3,12,52,0
Chikungunya,2016,3,13,55,0
Chikungunya,2016,3,14,5,0
Chikungunya,2016,3,15,171,0
Chikungunya,2016,3,16,33,0
Chikungunya,2016,3,17,80,0
Chikungunya,2016,3,21,1761,3
Chikungunya,2016,3,22,88,0
Chikungunya,2016,3,23,1250,0
Chikungunya,2016,3,24,6640,23
Chikungunya,2016,3,25,2114,7
Chikungunya,2016,3,26,10681,28
Chikungunya,2016,3,27,2128,1
Chikungunya,2016,3,28,2113,1
Chikungunya,2016,3,29,18188,0
Chikungunya,2016,3,31,409,0
Chikungunya,2016,3,32,79,0
Chikungunya,2016,3,33,1574,1
Chikungunya,2016,3,35,942,0
Chikungunya,2016,3,41,274,0
Chikungunya,2016,3,42,125,0
Chikungunya,2016,3,43,42,0
Chikungunya,2016,3,50,33,0
Chikungunya,2016,3,51,92,0
Chikungunya,2016,3,52,64,0
Chikungunya,2016,3,53,102,0
Chikungunya,2016,4,11,118,0
Chikungunya,2016,4,12,76,0
Chikungunya,2016,4,13,155,0
Chikungunya,2016,4,14,4,0
Chikungunya,2016,4,15,223,0
Chikungunya,2016,4,16,30,0
Chikungunya,2016,4,17,97,0
Chikungunya,2016,4,21,4808,6
Chikungunya,2016,4,22,638,0
Chikungunya,2016,4,23,4254,3
Chikungunya,2016,4,24,5608,16
Chikungunya,2016,4,25,4008,2
Chikungunya,2016,4,26,8401,14
Chikungunya,2016,4,27,2793,0
Chikungunya,2016,4,28,1977,0
Chikungunya,2016,4,29,8724,0
Chikungunya,2016,4,31,349,0
Chikungunya,2016,4,32,55,0
Chikungunya,2016,4,33,5403,4
Chikungunya,2016,4,35,474,1
Chikungunya,2016,4,41,168,0
Chikungunya,2016,4,42,71,0
Chikungunya,2016,4,43,37,0
Chikungunya,2016,4,50,36,0
Chikungunya,2016,4,51,68,0
Chikungunya,2016,4,52,68,0
Chikungunya,2016,4,53,119,0
Chikungunya,2016,5,11,104,0
Chikungunya,2016,5,12,71,0
Chikungunya,2016,5,13,200,0
Chikungunya,2016,5,14,20,0
Chikungunya,2016,5,15,487,0
Chikungunya,2016,5,16,138,0
Chikungunya,2016,5,17,340,0
Chikungunya,2016,5,21,3721,8
Chikungunya,2016,5,22,917,1
Chikungunya,2016,5,23,11819,7
Chikungunya,2016,5,24,4577,5
Chikungunya,2016,5,25,5769,6
Chikungunya,2016,5,26,4758,8
Chikungunya,2016,5,27,3900,6
Chikungunya,2016,5,28,936,0
Chikungunya,2016,5,29,4484,1
Chikungunya,2016,5,31,276,0
Chikungunya,2016,5,32,73,0
Chikungunya,2016,5,33,5208,4
Chikungunya,2016,5,35,451,0
Chikungunya,2016,5,41,115,0
Chikungunya,2016,5,42,59,0
Chikungunya,2016,5,43,36,0
Chikungunya,2016,5,50,29,0
Chikungunya,2016,5,51,59,0
Chikungunya,2016,5,52,55,1
Chikungunya,2016,5,53,125,0
Chikungunya,2016,6,11,66,0
Chikungunya,2016,6,12,35,0
Chikungunya,2016,6,13,114,0
Chikungunya,2016,6,14,27,0
Chikungunya,2016,6,15,436,0
Chikungunya,2016,6,16,145,0
Chikungunya,2016,6,17,344,0
Chikungunya,2016,6,21,1325,3
Chikungunya,2016,6,22,492,0
Chikungunya,2016,6,23,12980,11
Chikungunya,2016,6,24,2526,4
Chikungunya,2016,6,25,3657,6
Chikungunya,2016,6,26,2746,4
Chikungunya,2016,6,27,3422,1
Chikungunya,2016,6,28,656,0
Chikungunya,2016,6,29,2723,0
Chikungunya,2016,6,31,71,0
Chikungunya,2016,6,32,36,0
Chikungunya,2016,6,33,2789,4
Chikungunya,2016,6,35,257,0
Chikungunya,2016,6,41,52,0
Chikungunya,2016,6,42,19,0
Chikungunya,2016,6,43,10,0
Chikungunya,2016,6,50,17,0
Chikungunya,2016,6,51,17,0
Chikungunya,2016,6,52,43,0
Chikungunya,2016,6,53,57,1
Chikungunya,2016,7,11,68,0
Chikungunya,2016,7,12,12,0
Chikungunya,2016,7,13,62,0
Chikungunya,2016,7,14,22,0
Chikungunya,2016,7,15,359,0
Chikungunya,2016,7,16,112,0
Chikungunya,2016,7,17,109,0
Chikungunya,2016,7,21,722,0
Chikungunya,2016,7,22,313,0
Chikungunya,2016,7,23,7658,4
Chikungunya,2016,7,24,1336,3
Chikungunya,2016,7,25,2013,9
Chikungunya,2016,7,26,1639,8
Chikungunya,2016,7,27,2280,3
Chikungunya,2016,7,28,357,0
Chikungunya,2016,7,29,743,0
Chikungunya,2016,7,31,49,0
Chikungunya,2016,7,32,33,0
Chikungunya,2016,7,33,1484,0
Chikungunya,2016,7,35,259,0
Chikungunya,2016,7,41,33,0
Chikungunya,2016,7,42,36,0
Chikungunya,2016,7,43,31,0
Chikungunya,2016,7,50,7,0
Chikungunya,2016,7,51,12,0
Chikungunya,2016,7,52,22,0
Chikungunya,2016,7,53,43,0
Chikungunya,2016,8,11,43,0
Chikungunya,2016,8,12,18,0
Chikungunya,2016,8,13,41,0
Chikungunya,2016,8,14,49,0
Chikungunya,2016,8,15,603,0
Chikungunya,2016,8,16,190,0
Chikungunya,2016,8,17,60,0
Chikungunya,2016,8,21,367,3
Chikungunya,2016,8,22,203,1
Chikungunya,2016,8,23,3987,7
Chikungunya,2016,8,24,917,2
Chikungunya,2016,8,25,1752,4
Chikungunya,2016,8,26,1469,4
Chikungunya,2016,8,27,1360,1
Chikungunya,2016,8,28,446,0
Chikungunya,2016,8,29,759,3
Chikungunya,2016,8,31,23,0
Chikungunya,2016,8,32,29,0
Chikungunya,2016,8,33,847,0
Chikungunya,2016,8,35,235,0
Chikungunya,2016,8,41,50,0
Chikungunya,2016,8,42,42,0
Chikungunya,2016,8,43,38,0
Chikungunya,2016,8,50,9,0
Chikungunya,2016,8,51,12,0
Chikungunya,2016,8,52,13,0
Chikungunya,2016,8,53,22,0
Chikungunya,2016,9,11,23,0
Chikungunya,2016,9,12,10,0
Chikungunya,2016,9,13,36,0
Chikungunya,2016,9,14,42,0
Chikungunya,2016,9,15,478,0
Chikungunya,2016,9,16,97,1
Chikungunya,2016,9,17,64,0
Chikungunya,2016,9,21,91,0
Chikungunya,2016,9,22,69,0
Chikungunya,2016,9,23,1727,3
Chikungunya,2016,9,24,438,0
Chikungunya,2016,9,25,334,0
Chikungunya,2016,9,26,737,3
Chikungunya,2016,9,27,415,0
Chikungunya,2016,9,28,302,1
Chikungunya,2016,9,29,397,0
Chikungunya,2016,9,31,19,0
Chikungunya,2016,9,32,26,0
Chikungunya,2016,9,33,455,0
Chikungunya,2016,9,35,206,0
Chikungunya,2016,9,41,51,0
Chikungunya,2016,9,42,30,0
Chikungunya,2016,9,43,15,0
Chikungunya,2016,9,50,12,0
Chikungunya,2016,9,51,10,0
Chikungunya,2016,9,52,8,0
Chikungunya,2016,9,53,21,0
Chikungunya,2016,10,11,20,0
Chikungunya,2016,10,12,8,0
Chikungunya,2016,10,13,37,0
Chikungunya,2016,10,14,21,0
Chikungunya,2016,10,15,335,0
Chikungunya,2016,10,16,90,0
Chikungunya,2016,10,17,40,0
Chikungunya,2016,10,21,152,0
Chikungunya,2016,10,22,38,0
Chikungunya,2016,10,23,1313,3
Chikungunya,2016,10,24,175,0
Chikungunya,2016,10,25,101,1
Chikungunya,2016,10,26,561,0
Chikungunya,2016,10,27,234,0
Chikungunya,2016,10,28,214,1
Chikungunya,2016,10,29,531,0
Chikungunya,2016,10,31,23,0
Chikungunya,2016,10,32,22,0
Chikungunya,2016,10,33,326,2
Chikungunya,2016,10,35,217,0
Chikungunya,2016,10,41,48,0
Chikungunya,2016,10,42,19,0
Chikungunya,2016,10,43,29,0
Chikungunya,2016,10,50,14,0
Chikungunya,2016,10,51,17,0
Chikungunya,2016,10,52,7,0
Chikungunya,2016,10,53,13,0
Chikungunya,2016,11,11,48,0
Chikungunya,2016,11,12,22,0
Chikungunya,2016,11,13,58,0
Chikungunya,2016,11,14,30,0
Chikungunya,2016,11,15,441,0
Chikungunya,2016,11,16,95,0
Chikungunya,2016,11,17,60,0
Chikungunya,2016,11,21,237,0
Chikungunya,2016,11,22,21,0
Chikungunya,2016,11,23,2290,4
Chikungunya,2016,11,24,150,0
Chikungunya,2016,11,25,77,0
Chikungunya,2016,11,26,366,2
Chikungunya,2016,11,27,96,0
Chikungunya,2016,11,28,153,1
Chikungunya,2016,11,29,620,0
Chikungunya,2016,11,31,48,0
Chikungunya,2016,11,32,34,0
Chikungunya,2016,11,33,292,1
Chikungunya,2016,11,35,286,0
Chikungunya,2016,11,41,74,0
Chikungunya,2016,11,42,48,0
Chikungunya,2016,11,43,42,0
Chikungunya,2016,11,50,10,0
Chikungunya,2016,11,51,8,0
Chikungunya,2016,11,52,10,0
Chikungunya,2016,11,53,27,0
Chikungunya,2016,12,11,76,0
Chikungunya,2016,12,12,27,0
Chikungunya,2016,12,13,70,0
Chikungunya,2016,12,14,23,0
Chikungunya,2016,12,15,599,0
Chikungunya,2016,12,16,39,0
Chikungunya,2016,12,17,55,0
Chikungunya,2016,12,21,127,2
Chikungunya,2016,12,22,22,0
Chikungunya,2016,12,23,1038,3
Chikungunya,2016,12,24,84,1
Chikungunya,2016,12,25,59,0
Chikungunya,2016,12,26,553,0
Chikungunya,2016,12,27,97,0
Chikungunya,2016,12,28,97,0
Chikungunya,2016,12,29,466,0
Chikungunya,2016,12,31,86,0
Chikungunya,2016,12,32,52,0
Chikungunya,2016,12,33,289,1
Chikungunya,2016,12,35,444,0
Chikungunya,2016,12,41,83,0
Chikungunya,2016,12,42,54,0
Chikungunya,2016,12,43,48,0
Chikungunya,2016,12,50,20,0
Chikungunya,2016,12,51,27,0
Chikungunya,2016,12,52,36,0
Chikungunya,2016,12,53,25,0
Chikungunya,2017,1,11,155,0
Chikungunya,2017,1,12,62,0
Chikungunya,2017,1,13,99,0
Chikungunya,2017,1,14,77,0
Chikungunya,2017,1,15,1924,5
Chikungunya,2017,1,16,59,0
Chikungunya,2017,1,17,418,0
Chikungunya,2017,1,21,373,0
Chikungunya,2017,1,22,53,0
Chikungunya,2017,1,23,2172,2
Chikungunya,2017,1,24,148,1
Chikungunya,2017,1,25,139,0
Chikungunya,2017,1,26,528,5
Chikungunya,2017,1,27,123,0
Chikungunya,2017,1,28,119,0
Chikungunya,2017,1,29,2378,1
Chikungunya,2017,1,31,574,0
Chikungunya,2017,1,32,160,0
Chikungunya,2017,1,33,582,0
Chikungunya,2017,1,35,667,1
Chikungunya,2017,1,41,117,0
Chikungunya,2017,1,42,100,0
Chikungunya,2017,1,43,100,0
Chikungunya,2017,1,50,44,0
Chikungunya,2017,1,51,187,0
Chikungunya,2017,1,52,84,0
Chikungunya,2017,1,53,48,0
Chikungunya,2017,2,11,180,0
Chikungunya,2017,2,12,42,0
Chikungunya,2017,2,13,121,0
Chikungunya,2017,2,14,159,0
Chikungunya,2017,2,15,2558,0
Chikungunya,2017,2,16,46,0
Chikungunya,2017,2,17,971,2
Chikungunya,2017,2,21,963,1
Chikungunya,2017,2,22,69,0
Chikungunya,2017,2,23,4025,3
Chikungunya,2017,2,24,221,2
Chikungunya,2017,2,25,99,0
Chikungunya,2017,2,26,469,1
Chikungunya,2017,2,27,52,0
Chikungunya,2017,2,28,56,0
Chikungunya,2017,2,29,1824,0
Chikungunya,2017,2,31,3100,1
Chikungunya,2017,2,32,123,1
Chikungunya,2017,2,33,554,1
Chikungunya,2017,2,35,466,0
Chikungunya,2017,2,41,97,0
Chikungunya,2017,2,42,49,0
Chikungunya,2017,2,43,69,0
Chikungunya,2017,2,50,46,0
Chikungunya,2017,2,51,385,0
Chikungunya,2017,2,52,78,1
Chikungunya,2017,2,53,44,0
Chikungunya,2017,3,11,167,0
Chikungunya,2017,3,12,42,0
Chikungunya,2017,3,13,131,0
Chikungunya,2017,3,14,319,0
Chikungunya,2017,3,15,1781,0
Chikungunya,2017,3,16,102,0
Chikungunya,2017,3,17,1090,0
Chikungunya,2017,3,21,2012,0
Chikungunya,2017,3,22,228,0
Chikungunya,2017,3,23,15172,8
Chikungunya,2017,3,24,205,1
Chikungunya,2017,3,25,139,1
Chikungunya,2017,3,26,519,0
Chikungunya,2017,3,27,66,0
Chikungunya,2017,3,28,97,0
Chikungunya,2017,3,29,1993,0
Chikungunya,2017,3,31,7554,7
Chikungunya,2017,3,32,302,0
Chikungunya,2017,3,33,602,1
Chikungunya,2017,3,35,481,0
Chikungunya,2017,3,41,101,0
Chikungunya,2017,3,42,39,0
Chikungunya,2017,3,43,55,0
Chikungunya,2017,3,50,55,0
Chikungunya,2017,3,51,660,0
Chikungunya,2017,3,52,116,1
Chikungunya,2017,3,53,55,0
Chikungunya,2017,4,11,68,0
Chikungunya,2017,4,12,23,0
Chikungunya,2017,4,13,84,0
Chikungunya,2017,4,14,505,0
Chikungunya,2017,4,15,1220,0
Chikungunya,2017,4,16,48,0
Chikungunya,2017,4,17,912,0
Chikungunya,2017,4,21,1782,0
Chikungunya,2017,4,22,520,0
Chikungunya,2017,4,23,38068,41
Chikungunya,2017,4,24,174,1
Chikungunya,2017,4,25,126,0
Chikungunya,2017,4,26,554,1
Chikungunya,2017,4,27,65,0
Chikungunya,2017,4,28,120,0
Chikungunya,2017,4,29,936,0
Chikungunya,2017,4,31,4220,4
Chikungunya,2017,4,32,300,0
Chikungunya,2017,4,33,588,0
Chikungunya,2017,4,35,313,0
Chikungunya,2017,4,41,69,0
Chikungunya,2017,4,42,29,0
Chikungunya,2017,4,43,37,0
Chikungunya,2017,4,50,36,0
Chikungunya,2017,4,51,907,1
Chikungunya,2017,4,52,66,0
Chikungunya,2017,4,53,50,0
Chikungunya,2017,5,11,62,0
Chikungunya,2017,5,12,33,0
Chikungunya,2017,5,13,46,0
Chikungunya,2017,5,14,1016,0
Chikungunya,2017,5,15,945,0
Chikungunya,2017,5,16,68,0
Chikungunya,2017,5,17,1346,1
Chikungunya,2017,5,21,1341,1
Chikungunya,2017,5,22,1625,2
Chikungunya,2017,5,23,47174,76
Chikungunya,2017,5,24,214,1
Chikungunya,2017,5,25,197,1
Chikungunya,2017,5,26,768,0
Chikungunya,2017,5,27,61,0
Chikungunya,2017,5,28,249,0
Chikungunya,2017,5,29,1050,0
Chikungunya,2017,5,31,1974,1
Chikungunya,2017,5,32,234,0
Chikungunya,2017,5,33,654,0
Chikungunya,2017,5,35,342,0
Chikungunya,2017,5,41,68,0
Chikungunya,2017,5,42,29,0
Chikungunya,2017,5,43,26,0
Chikungunya,2017,5,50,50,0
Chikungunya,2017,5,51,661,0
Chikungunya,2017,5,52,124,0
Chikungunya,2017,5,53,67,0
Chikungunya,2017,6,11,35,0
Chikungunya,2017,6,12,48,0
Chikungunya,2017,6,13,35,0
Chikungunya,2017,6,14,1297,0
Chikungunya,2017,6,15,716,0
Chikungunya,2017,6,16,67,0
Chikungunya,2017,6,17,929,0
Chikungunya,2017,6,21,594,0
Chikungunya,2017,6,22,2072,0
Chikungunya,2017,6,23,18472,28
Chikungunya,2017,6,24,370,2
Chikungunya,2017,6,25,336,0
Chikungunya,2017,6,26,522,0
Chikungunya,2017,6,27,46,0
Chikungunya,2017,6,28,45,0
Chikungunya,2017,6,29,1315,0
Chikungunya,2017,6,31,1199,0
Chikungunya,2017,6,32,122,0
Chikungunya,2017,6,33,615,1
Chikungunya,2017,6,35,229,0
Chikungunya,2017,6,41,43,0
Chikungunya,2017,6,42,23,0
Chikungunya,2017,6,43,21,0
Chikungunya,2017,6,50,27,0
Chikungunya,2017,6,51,342,0
Chikungunya,2017,6,52,47,0
Chikungunya,2017,6,53,63,0
Chikungunya,2017,7,11,28,0
Chikungunya,2017,7,12,21,0
Chikungunya,2017,7,13,19,0
Chikungunya,2017,7,14,1750,0
Chikungunya,2017,7,15,589,0
Chikungunya,2017,7,16,56,0
Chikungunya,2017,7,17,400,1
Chikungunya,2017,7,21,347,0
Chikungunya,2017,7,22,1828,0
Chikungunya,2017,7,23,7869,10
Chikungunya,2017,7,24,300,2
Chikungunya,2017,7,25,262,0
Chikungunya,2017,7,26,415,0
Chikungunya,2017,7,27,70,0
Chikungunya,2017,7,28,37,0
Chikungunya,2017,7,29,806,1
Chikungunya,2017,7,31,708,2
Chikungunya,2017,7,32,96,0
Chikungunya,2017,7,33,690,0
Chikungunya,2017,7,35,201,0
Chikungunya,2017,7,41,31,0
Chikungunya,2017,7,42,21,0
Chikungunya,2017,7,43,14,0
Chikungunya,2017,7,50,18,0
Chikungunya,2017,7,51,212,0
Chikungunya,2017,7,52,29,0
Chikungunya,2017,7,53,28,0
Chikungunya,2017,8,11,43,0
Chikungunya,2017,8,12,19,0
Chikungunya,2017,8,13,19,0
Chikungunya,2017,8,14,1046,0
Chikungunya,2017,8,15,658,0
Chikungunya,2017,8,16,36,0
Chikungunya,2017,8,17,266,0
Chikungunya,2017,8,21,224,0
Chikungunya,2017,8,22,1002,0
Chikungunya,2017,8,23,3568,3
Chikungunya,2017,8,24,300,1
Chikungunya,2017,8,25,257,1
Chikungunya,2017,8,26,468,0
Chikungunya,2017,8,27,57,0
Chikungunya,2017,8,28,17,0
Chikungunya,2017,8,29,507,0
Chikungunya,2017,8,31,370,0
Chikungunya,2017,8,32,82,0
Chikungunya,2017,8,33,495,0
Chikungunya,2017,8,35,269,0
Chikungunya,2017,8,41,52,0
Chikungunya,2017,8,42,23,0
Chikungunya,2017,8,43,16,0
Chikungunya,2017,8,50,32,0
Chikungunya,2017,8,51,103,0
Chikungunya,2017,8,52,22,0
Chikungunya,2017,8,53,13,0
Chikungunya,2017,9,11,25,0
Chikungunya,2017,9,12,5,0
Chikungunya,2017,9,13,13,0
Chikungunya,2017,9,14,308,0
Chikungunya,2017,9,15,399,0
Chikungunya,2017,9,16,58,0
Chikungunya,2017,9,17,113,0
Chikungunya,2017,9,21,135,0
Chikungunya,2017,9,22,443,0
Chikungunya,2017,9,23,1871,9
Chikungunya,2017,9,24,165,0
Chikungunya,2017,9,25,160,0
Chikungunya,2017,9,26,425,0
Chikungunya,2017,9,27,37,0
Chikungunya,2017,9,28,29,0
Chikungunya,2017,9,29,288,0
Chikungunya,2017,9,31,257,0
Chikungunya,2017,9,32,70,0
Chikungunya,2017,9,33,288,0
Chikungunya,2017,9,35,371,2
Chikungunya,2017,9,41,59,0
Chikungunya,2017,9,42,16,0
Chikungunya,2017,9,43,18,0
Chikungunya,2017,9,50,39,0
Chikungunya,2017,9,51,54,0
Chikungunya,2017,9,52,20,0
Chikungunya,2017,9,53,15,0
Chikungunya,2017,10,11,28,0
Chikungunya,2017,10,12,18,0
Chikungunya,2017,10,13,12,0
Chikungunya,2017,10,14,166,0
Chikungunya,2017,10,15,283,0
Chikungunya,2017,10,16,60,0
Chikungunya,2017,10,17,91,0
Chikungunya,2017,10,21,77,0
Chikungunya,2017,10,22,165,0
Chikungunya,2017,10,23,832,3
Chikungunya,2017,10,24,148,0
Chikungunya,2017,10,25,110,2
Chikungunya,2017,10,26,383,0
Chikungunya,2017,10,27,29,0
Chikungunya,2017,10,28,15,0
Chikungunya,2017,10,29,153,0
Chikungunya,2017,10,31,284,0
Chikungunya,2017,10,32,51,0
Chikungunya,2017,10,33,306,0
Chikungunya,2017,10,35,404,0
Chikungunya,2017,10,41,63,0
Chikungunya,2017,10,42,25,0
Chikungunya,2017,10,43,17,0
Chikungunya,2017,10,50,69,0
Chikungunya,2017,10,51,60,0
Chikungunya,2017,10,52,25,0
Chikungunya,2017,10,53,26,0
Chikungunya,2017,11,11,34,0
Chikungunya,2017,11,12,18,0
Chikungunya,2017,11,13,13,0
Chikungunya,2017,11,14,77,0
Chikungunya,2017,11,15,418,0
Chikungunya,2017,11,16,36,0
Chikungunya,2017,11,17,102,0
Chikungunya,2017,11,21,83,0
Chikungunya,2017,11,22,100,0
Chikungunya,2017,11,23,698,0
Chikungunya,2017,11,24,121,3
Chikungunya,2017,11,25,86,0
Chikungunya,2017,11,26,257,0
Chikungunya,2017,11,27,29,0
Chikungunya,2017,11,28,10,0
Chikungunya,2017,11,29,171,0
Chikungunya,2017,11,31,276,0
Chikungunya,2017,11,32,65,1
Chikungunya,2017,11,33,247,1
Chikungunya,2017,11,35,398,0
Chikungunya,2017,11,41,65,0
Chikungunya,2017,11,42,33,0
Chikungunya,2017,11,43,13,0
Chikungunya,2017,11,50,80,0
Chikungunya,2017,11,51,96,0
Chikungunya,2017,11,52,26,0
Chikungunya,2017,11,53,24,0
Chikungunya,2017,12,11,38,0
Chikungunya,2017,12,12,32,0
Chikungunya,2017,12,13,9,0
Chikungunya,2017,12,14,40,0
Chikungunya,2017,12,15,378,0
Chikungunya,2017,12,16,24,0
Chikungunya,2017,12,17,74,0
Chikungunya,2017,12,21,40,0
Chikungunya,2017,12,22,88,0
Chikungunya,2017,12,23,486,9
Chikungunya,2017,12,24,89,3
Chikungunya,2017,12,25,82,0
Chikungunya,2017,12,26,235,0
Chikungunya,2017,12,27,31,0
Chikungunya,2017,12,28,8,0
Chikungunya,2017,12,29,127,0
Chikungunya,2017,12,31,339,0
Chikungunya,2017,12,32,83,0
Chikungunya,2017,12,33,340,0
Chikungunya,2017,12,35,352,0
Chikungunya,2017,12,41,63,0
Chikungunya,2017,12,42,40,0
Chikungunya,2017,12,43,21,0
Chikungunya,2017,12,50,74,0
Chikungunya,2017,12,51,268,0
Chikungunya,2017,12,52,25,0
Chikungunya,2017,12,53,15,0
Chikungunya,2018,1,11,71,0
Chikungunya,2018,1,12,53,0
Chikungunya,2018,1,13,18,0
Chikungunya,2018,1,14,40,0
Chikungunya,2018,1,15,720,0
Chikungunya,2018,1,16,37,0
Chikungunya,2018,1,17,123,0
Chikungunya,2018,1,21,136,0
Chikungunya,2018,1,22,106,0
Chikungunya,2018,1,23,629,3
Chikungunya,2018,1,24,188,0
Chikungunya,2018,1,25,116,2
Chikungunya,2018,1,26,301,3
Chikungunya,2018,1,27,33,0
Chikungunya,2018,1,28,4,0
Chikungunya,2018,1,29,242,0
Chikungunya,2018,1,31,992,0
Chikungunya,2018,1,32,94,0
Chikungunya,2018,1,33,735,1
Chikungunya,2018,1,35,490,0
Chikungunya,2018,1,41,116,0
Chikungunya,2018,1,42,60,0
Chikungunya,2018,1,43,32,0
Chikungunya,2018,1,50,70,0
Chikungunya,2018,1,51,3705,0
Chikungunya,2018,1,52,60,0
Chikungunya,2018,1,53,18,0
Chikungunya,2018,2,11,57,0
Chikungunya,2018,2,12,56,0
Chikungunya,2018,2,13,20,0
Chikungunya,2018,2,14,44,0
Chikungunya,2018,2,15,1057,0
Chikungunya,2018,2,16,62,0
Chikungunya,2018,2,17,117,0
Chikungunya,2018,2,21,76,0
Chikungunya,2018,2,22,101,0
Chikungunya,2018,2,23,667,2
Chikungunya,2018,2,24,162,3
Chikungunya,2018,2,25,66,0
Chikungunya,2018,2,26,190,0
Chikungunya,2018,2,27,25,0
Chikungunya,2018,2,28,8,0
Chikungunya,2018,2,29,243,0
Chikungunya,2018,2,31,929,0
Chikungunya,2018,2,32,82,0
Chikungunya,2018,2,33,1786,1
Chikungunya,2018,2,35,387,0
Chikungunya,2018,2,41,57,0
Chikungunya,2018,2,42,57,0
Chikungunya,2018,2,43,34,0
Chikungunya,2018,2,50,49,0
Chikungunya,2018,2,51,4240,3
Chikungunya,2018,2,52,91,0
Chikungunya,2018,2,53,14,0
Chikungunya,2018,3,11,44,0
Chikungunya,2018,3,12,41,0
Chikungunya,2018,3,13,31,0
Chikungunya,2018,3,14,53,0
Chikungunya,2018,3,15,1547,0
Chikungunya,2018,3,16,66,0
Chikungunya,2018,3,17,134,0
Chikungunya,2018,3,21,118,1
Chikungunya,2018,3,22,97,0
Chikungunya,2018,3,23,893,1
Chikungunya,2018,3,24,303,5
Chikungunya,2018,3,25,144,0
Chikungunya,2018,3,26,300,0
Chikungunya,2018,3,27,21,0
Chikungunya,2018,3,28,8,0
Chikungunya,2018,3,29,610,0
Chikungunya,2018,3,31,2588,1
Chikungunya,2018,3,32,129,0
Chikungunya,2018,3,33,5172,1
Chikungunya,2018,3,35,358,0
Chikungunya,2018,3,41,114,0
Chikungunya,2018,3,42,46,0
Chikungunya,2018,3,43,22,0
Chikungunya,2018,3,50,93,0
Chikungunya,2018,3,51,2984,1
Chikungunya,2018,3,52,67,0
Chikungunya,2018,3,53,26,0
Chikungunya,2018,4,11,82,0
Chikungunya,2018,4,12,27,0
Chikungunya,2018,4,13,27,0
Chikungunya,2018,4,14,42,0
Chikungunya,2018,4,15,1440,0
Chikungunya,2018,4,16,129,0
Chikungunya,2018,4,17,201,0
Chikungunya,2018,4,21,109,0
Chikungunya,2018,4,22,95,0
Chikungunya,2018,4,23,1042,0
Chikungunya,2018,4,24,302,7
Chikungunya,2018,4,25,126,1
Chikungunya,2018,4,26,466,0
Chikungunya,2018,4,27,34,0
Chikungunya,2018,4,28,6,0
Chikungunya,2018,4,29,559,0
Chikungunya,2018,4,31,4208,0
Chikungunya,2018,4,32,212,0
Chikungunya,2018,4,33,8833,4
Chikungunya,2018,4,35,294,0
Chikungunya,2018,4,41,88,0
Chikungunya,2018,4,42,38,0
Chikungunya,2018,4,43,22,0
Chikungunya,2018,4,50,103,0
Chikungunya,2018,4,51,1464,1
Chikungunya,2018,4,52,58,0
Chikungunya,2018,4,53,19,0
Chikungunya,2018,5,11,49,0
Chikungunya,2018,5,12,31,0
Chikungunya,2018,5,13,17,0
Chikungunya,2018,5,14,60,0
Chikungunya,2018,5,15,1277,0
Chikungunya,2018,5,16,83,0
Chikungunya,2018,5,17,154,0
Chikungunya,2018,5,21,238,0
Chikungunya,2018,5,22,106,4
Chikungunya,2018,5,23,540,0
Chikungunya,2018,5,24,472,3
Chikungunya,2018,5,25,191,1
Chikungunya,2018,5,26,489,0
Chikungunya,2018,5,27,17,0
Chikungunya,2018,5,28,17,0
Chikungunya,2018,5,29,714,0
Chikungunya,2018,5,31,2697,0
Chikungunya,2018,5,32,155,0
Chikungunya,2018,5,33,9016,6
Chikungunya,2018,5,35,264,0
Chikungunya,2018,5,41,35,0
Chikungunya,2018,5,42,39,0
Chikungunya,2018,5,43,65,0
Chikungunya,2018,5,50,88,0
Chikungunya,2018,5,51,870,1
Chikungunya,2018,5,52,64,0
Chikungunya,2018,5,53,25,0
Chikungunya,2018,6,11,28,0
Chikungunya,2018,6,12,37,0
Chikungunya,2018,6,13,17,0
Chikungunya,2018,6,14,32,0
Chikungunya,2018,6,15,1048,0
Chikungunya,2018,6,16,43,0
Chikungunya,2018,6,17,61,0
Chikungunya,2018,6,21,50,0
Chikungunya,2018,6,22,90,0
Chikungunya,2018,6,23,445,1
Chikungunya,2018,6,24,315,0
Chikungunya,2018,6,25,244,0
Chikungunya,2018,6,26,334,0
Chikungunya,2018,6,27,41,0
Chikungunya,2018,6,28,11,0
Chikungunya,2018,6,29,687,0
Chikungunya,2018,6,31,822,0
Chikungunya,2018,6,32,198,0
Chikungunya,2018,6,33,5792,1
Chikungunya,2018,6,35,195,0
Chikungunya,2018,6,41,24,0
Chikungunya,2018,6,42,31,0
Chikungunya,2018,6,43,40,0
Chikungunya,2018,6,50,61,0
Chikungunya,2018,6,51,415,0
Chikungunya,2018,6,52,32,0
Chikungunya,2018,6,53,12,0
Chikungunya,2018,7,11,25,0
Chikungunya,2018,7,12,41,0
Chikungunya,2018,7,13,12,0
Chikungunya,2018,7,14,59,0
Chikungunya,2018,7,15,842,0
Chikungunya,2018,7,16,32,0
Chikungunya,2018,7,17,59,0
Chikungunya,2018,7,21,47,0
Chikungunya,2018,7,22,125,0
Chikungunya,2018,7,23,382,0
Chikungunya,2018,7,24,850,11
Chikungunya,2018,7,25,233,0
Chikungunya,2018,7,26,350,0
Chikungunya,2018,7,27,60,0
Chikungunya,2018,7,28,4,0
Chikungunya,2018,7,29,347,0
Chikungunya,2018,7,31,389,0
Chikungunya,2018,7,32,191,0
Chikungunya,2018,7,33,4713,1
Chikungunya,2018,7,35,177,0
Chikungunya,2018,7,41,41,0
Chikungunya,2018,7,42,18,0
Chikungunya,2018,7,43,12,0
Chikungunya,2018,7,50,54,0
Chikungunya,2018,7,51,179,0
Chikungunya,2018,7,52,22,0
Chikungunya,2018,7,53,12,0
Chikungunya,2018,8,11,25,0
Chikungunya,2018,8,12,60,0
Chikungunya,2018,8,13,24,0
Chikungunya,2018,8,14,71,0
Chikungunya,2018,8,15,1150,0
Chikungunya,2018,8,16,46,0
Chikungunya,2018,8,17,66,0
Chikungunya,2018,8,21,50,0
Chikungunya,2018,8,22,76,0
Chikungunya,2018,8,23,313,0
Chikungunya,2018,8,24,512,1
Chikungunya,2018,8,25,115,0
Chikungunya,2018,8,26,364,0
Chikungunya,2018,8,27,54,1
Chikungunya,2018,8,28,8,0
Chikungunya,2018,8,29,532,1
Chikungunya,2018,8,31,213,1
Chikungunya,2018,8,32,170,0
Chikungunya,2018,8,33,2725,1
Chikungunya,2018,8,35,198,0
Chikungunya,2018,8,41,28,0
Chikungunya,2018,8,42,21,0
Chikungunya,2018,8,43,26,1
Chikungunya,2018,8,50,37,0
Chikungunya,2018,8,51,145,0
Chikungunya,2018,8,52,19,0
Chikungunya,2018,8,53,23,0
Chikungunya,2018,9,11,12,0
Chikungunya,2018,9,12,53,0
Chikungunya,2018,9,13,16,0
Chikungunya,2018,9,14,29,0
Chikungunya,2018,9,15,990,0
Chikungunya,2018,9,16,26,0
Chikungunya,2018,9,17,39,0
Chikungunya,2018,9,21,37,0
Chikungunya,2018,9,22,40,0
Chikungunya,2018,9,23,229,0
Chikungunya,2018,9,24,265,0
Chikungunya,2018,9,25,91,0
Chikungunya,2018,9,26,268,0
Chikungunya,2018,9,27,28,0
Chikungunya,2018,9,28,6,0
Chikungunya,2018,9,29,241,0
Chikungunya,2018,9,31,135,0
Chikungunya,2018,9,32,70,0
Chikungunya,2018,9,33,1532,1
Chikungunya,2018,9,35,225,0
Chikungunya,2018,9,41,16,0
Chikungunya,2018,9,42,18,0
Chikungunya,2018,9,43,7,0
Chikungunya,2018,9,50,42,0
Chikungunya,2018,9,51,59,1
Chikungunya,2018,9,52,14,0
Chikungunya,2018,9,53,21,0
Chikungunya,2018,10,11,17,0
Chikungunya,2018,10,12,113,0
Chikungunya,2018,10,13,9,0
Chikungunya,2018,10,14,31,0
Chikungunya,2018,10,15,844,1
Chikungunya,2018,10,16,46,0
Chikungunya,2018,10,17,73,0
Chikungunya,2018,10,21,26,0
Chikungunya,2018,10,22,49,1
Chikungunya,2018,10,23,191,0
Chikungunya,2018,10,24,129,1
Chikungunya,2018,10,25,67,0
Chikungunya,2018,10,26,220,0
Chikungunya,2018,10,27,29,0
Chikungunya,2018,10,28,8,0
Chikungunya,2018,10,29,175,0
Chikungunya,2018,10,31,167,0
Chikungunya,2018,10,32,97,1
Chikungunya,2018,10,33,1618,3
Chikungunya,2018,10,35,275,0
Chikungunya,2018,10,41,44,0
Chikungunya,2018,10,42,25,0
Chikungunya,2018,10,43,18,0
Chikungunya,2018,10,50,70,1
Chikungunya,2018,10,51,82,0
Chikungunya,2018,10,52,29,0
Chikungunya,2018,10,53,12,0
Chikungunya,2018,11,11,28,0
Chikungunya,2018,11,12,84,0
Chikungunya,2018,11,13,9,0
Chikungunya,2018,11,14,17,0
Chikungunya,2018,11,15,789,0
Chikungunya,2018,11,16,28,0
Chikungunya,2018,11,17,119,0
Chikungunya,2018,11,21,39,0
Chikungunya,2018,11,22,20,0
Chikungunya,2018,11,23,161,0
Chikungunya,2018,11,24,123,0
Chikungunya,2018,11,25,49,0
Chikungunya,2018,11,26,197,0
Chikungunya,2018,11,27,28,0
Chikungunya,2018,11,28,5,0
Chikungunya,2018,11,29,108,0
Chikungunya,2018,11,31,166,0
Chikungunya,2018,11,32,50,0
Chikungunya,2018,11,33,1412,2
Chikungunya,2018,11,35,311,0
Chikungunya,2018,11,41,47,0
Chikungunya,2018,11,42,25,0
Chikungunya,2018,11,43,12,0
Chikungunya,2018,11,50,68,0
Chikungunya,2018,11,51,100,0
Chikungunya,2018,11,52,28,0
Chikungunya,2018,11,53,12,0
Chikungunya,2018,12,11,26,0
Chikungunya,2018,12,12,44,0
Chikungunya,2018,12,13,5,0
Chikungunya,2018,12,14,30,0
Chikungunya,2018,12,15,644,0
Chikungunya,2018,12,16,22,0
Chikungunya,2018,12,17,246,0
Chikungunya,2018,12,21,26,0
Chikungunya,2018,12,22,21,2
Chikungunya,2018,12,23,120,0
Chikungunya,2018,12,24,92,0
Chikungunya,2018,12,25,45,0
Chikungunya,2018,12,26,180,0
Chikungunya,2018,12,27,54,0
Chikungunya,2018,12,28,10,0
Chikungunya,2018,12,29,89,0
Chikungunya,2018,12,31,153,0
Chikungunya,2018,12,32,51,0
Chikungunya,2018,12,33,2078,0
Chikungunya,2018,12,35,382,0
Chikungunya,2018,12,41,34,0
Chikungunya,2018,12,42,25,0
Chikungunya,2018,12,43,5,0
Chikungunya,2018,12,50,84,0
Chikungunya,2018,12,51,110,1
Chikungunya,2018,12,52,38,0
Chikungunya,2018,12,53,17,0
Chikungunya,2019,1,11,35,0
Chikungunya,2019,1,12,59,0
Chikungunya,2019,1,13,14,0
Chikungunya,2019,1,14,38,0
Chikungunya,2019,1,15,816,0
Chikungunya,2019,1,16,19,0
Chikungunya,2019,1,17,349,0
Chikungunya,2019,1,21,59,0
Chikungunya,2019,1,22,45,0
Chikungunya,2019,1,23,190,0
Chikungunya,2019,1,24,87,0
Chikungunya,2019,1,25,77,0
Chikungunya,2019,1,26,244,0
Chikungunya,2019,1,27,24,0
Chikungunya,2019,1,28,10,0
Chikungunya,2019,1,29,173,1
Chikungunya,2019,1,31,351,0
Chikungunya,2019,1,32,114,0
Chikungunya,2019,1,33,3604,1
Chikungunya,2019,1,35,535,0
Chikungunya,2019,1,41,67,0
Chikungunya,2019,1,42,49,0
Chikungunya,2019,1,43,31,0
Chikungunya,2019,1,50,83,0
Chikungunya,2019,1,51,60,0
Chikungunya,2019,1,52,24,0
Chikungunya,2019,1,53,18,0
Chikungunya,2019,2,11,30,0
Chikungunya,2019,2,12,31,0
Chikungunya,2019,2,13,24,0
Chikungunya,2019,2,14,43,0
Chikungunya,2019,2,15,1267,0
Chikungunya,2019,2,16,41,0
Chikungunya,2019,2,17,359,0
Chikungunya,2019,2,21,78,0
Chikungunya,2019,2,22,55,0
Chikungunya,2019,2,23,426,0
Chikungunya,2019,2,24,100,0
Chikungunya,2019,2,25,93,0
Chikungunya,2019,2,26,384,0
Chikungunya,2019,2,27,40,0
Chikungunya,2019,2,28,16,0
Chikungunya,2019,2,29,238,0
Chikungunya,2019,2,31,457,0
Chikungunya,2019,2,32,125,0
Chikungunya,2019,2,33,4205,2
Chikungunya,2019,2,35,841,0
Chikungunya,2019,2,41,85,0
Chikungunya,2019,2,42,64,0
Chikungunya,2019,2,43,34,0
Chikungunya,2019,2,50,99,0
Chikungunya,2019,2,51,82,0
Chikungunya,2019,2,52,47,0
Chikungunya,2019,2,53,47,1
Chikungunya,2019,3,11,42,0
Chikungunya,2019,3,12,15,0
Chikungunya,2019,3,13,16,0
Chikungunya,2019,3,14,27,0
Chikungunya,2019,3,15,930,0
Chikungunya,2019,3,16,44,0
Chikungunya,2019,3,17,315,0
Chikungunya,2019,3,21,230,1
Chikungunya,2019,3,22,111,0
Chikungunya,2019,3,23,616,0
Chikungunya,2019,3,24,282,1
Chikungunya,2019,3,25,108,0
Chikungunya,2019,3,26,543,0
Chikungunya,2019,3,27,82,0
Chikungunya,2019,3,28,20,0
Chikungunya,2019,3,29,216,0
Chikungunya,2019,3,31,668,0
Chikungunya,2019,3,32,143,0
Chikungunya,2019,3,33,7593,1
Chikungunya,2019,3,35,842,0
Chikungunya,2019,3,41,116,0
Chikungunya,2019,3,42,51,0
Chikungunya,2019,3,43,24,0
Chikungunya,2019,3,50,117,0
Chikungunya,2019,3,51,112,0
Chikungunya,2019,3,52,54,0
Chikungunya,2019,3,53,65,0
Chikungunya,2019,4,11,75,0
Chikungunya,2019,4,12,3,0
Chikungunya,2019,4,13,23,0
Chikungunya,2019,4,14,18,0
Chikungunya,2019,4,15,785,0
Chikungunya,2019,4,16,31,0
Chikungunya,2019,4,17,194,0
Chikungunya,2019,4,21,227,0
Chikungunya,2019,4,22,224,0
Chikungunya,2019,4,23,1207,0
Chikungunya,2019,4,24,715,3
Chikungunya,2019,4,25,275,0
Chikungunya,2019,4,26,1292,0
Chikungunya,2019,4,27,142,0
Chikungunya,2019,4,28,13,0
Chikungunya,2019,4,29,583,1
Chikungunya,2019,4,31,986,1
Chikungunya,2019,4,32,195,0
Chikungunya,2019,4,33,20231,14
Chikungunya,2019,4,35,909,0
Chikungunya,2019,4,41,144,0
Chikungunya,2019,4,42,103,0
Chikungunya,2019,4,43,53,0
Chikungunya,2019,4,50,96,0
Chikungunya,2019,4,51,133,0
Chikungunya,2019,4,52,60,0
Chikungunya,2019,4,53,80,0
Chikungunya,2019,5,11,77,0
Chikungunya,2019,5,12,3,0
Chikungunya,2019,5,13,34,0
Chikungunya,2019,5,14,27,0
Chikungunya,2019,5,15,676,0
Chikungunya,2019,5,16,15,0
Chikungunya,2019,5,17,151,0
Chikungunya,2019,5,21,160,0
Chikungunya,2019,5,22,305,0
Chikungunya,2019,5,23,1170,0
Chikungunya,2019,5,24,2203,1
Chikungunya,2019,5,25,345,1
Chikungunya,2019,5,26,1705,0
Chikungunya,2019,5,27,431,0
Chikungunya,2019,5,28,60,0
Chikungunya,2019,5,29,1403,2
Chikungunya,2019,5,31,1050,0
Chikungunya,2019,5,32,470,0
Chikungunya,2019,5,33,28236,28
Chikungunya,2019,5,35,857,0
Chikungunya,2019,5,41,129,0
Chikungunya,2019,5,42,146,0
Chikungunya,2019,5,43,64,0
Chikungunya,2019,5,50,83,0
Chikungunya,2019,5,51,149,0
Chikungunya,2019,5,52,69,0
Chikungunya,2019,5,53,88,0
Chikungunya,2019,6,11,31,0
Chikungunya,2019,6,12,4,0
Chikungunya,2019,6,13,31,0
Chikungunya,2019,6,14,33,0
Chikungunya,2019,6,15,418,0
Chikungunya,2019,6,16,19,0
Chikungunya,2019,6,17,86,0
Chikungunya,2019,6,21,65,0
Chikungunya,2019,6,22,195,0
Chikungunya,2019,6,23,801,0
Chikungunya,2019,6,24,2519,1
Chikungunya,2019,6,25,218,0
Chikungunya,2019,6,26,1167,1
Chikungunya,2019,6,27,516,0
Chikungunya,2019,6,28,65,0
Chikungunya,2019,6,29,2073,2
Chikungunya,2019,6,31,534,0
Chikungunya,2019,6,32,405,0
Chikungunya,2019,6,33,15695,11
Chikungunya,2019,6,35,409,0
Chikungunya,2019,6,41,70,0
Chikungunya,2019,6,42,76,0
Chikungunya,2019,6,43,33,0
Chikungunya,2019,6,50,56,0
Chikungunya,2019,6,51,96,0
Chikungunya,2019,6,52,27,0
Chikungunya,2019,6,53,78,0
Chikungunya,2019,7,11,44,0
Chikungunya,2019,7,12,9,0
Chikungunya,2019,7,13,26,0
Chikungunya,2019,7,14,47,0
Chikungunya,2019,7,15,375,0
Chikungunya,2019,7,16,3,0
Chikungunya,2019,7,17,40,0
Chikungunya,2019,7,21,45,0
Chikungunya,2019,7,22,156,0
Chikungunya,2019,7,23,402,0
Chikungunya,2019,7,24,3428,3
Chikungunya,2019,7,25,171,0
Chikungunya,2019,7,26,943,0
Chikungunya,2019,7,27,627,0
Chikungunya,2019,7,28,127,0
Chikungunya,2019,7,29,2669,1
Chikungunya,2019,7,31,289,0
Chikungunya,2019,7,32,476,1
Chikungunya,2019,7,33,9759,2
Chikungunya,2019,7,35,244,0
Chikungunya,2019,7,41,49,0
Chikungunya,2019,7,42,45,0
Chikungunya,2019,7,43,20,0
Chikungunya,2019,7,50,37,0
Chikungunya,2019,7,51,60,0
Chikungunya,2019,7,52,24,0
Chikungunya,2019,7,53,34,0
Chikungunya,2019,8,11,54,0
Chikungunya,2019,8,12,1,0
Chikungunya,2019,8,13,13,0
Chikungunya,2019,8,14,66,0
Chikungunya,2019,8,15,255,0
Chikungunya,2019,8,16,6,0
Chikungunya,2019,8,17,27,0
Chikungunya,2019,8,21,42,0
Chikungunya,2019,8,22,49,0
Chikungunya,2019,8,23,363,0
Chikungunya,2019,8,24,2817,1
Chikungunya,2019,8,25,200,0
Chikungunya,2019,8,26,791,0
Chikungunya,2019,8,27,289,0
Chikungunya,2019,8,28,163,0
Chikungunya,2019,8,29,1774,1
Chikungunya,2019,8,31,160,0
Chikungunya,2019,8,32,335,0
Chikungunya,2019,8,33,4056,2
Chikungunya,2019,8,35,180,0
Chikungunya,2019,8,41,40,0
Chikungunya,2019,8,42,37,0
Chikungunya,2019,8,43,19,0
Chikungunya,2019,8,50,24,0
Chikungunya,2019,8,51,31,0
Chikungunya,2019,8,52,7,0
Chikungunya,2019,8,53,14,0
Chikungunya,2019,9,11,39,0
Chikungunya,2019,9,12,3,0
Chikungunya,2019,9,13,8,0
Chikungunya,2019,9,14,74,0
Chikungunya,2019,9,15,239,0
Chikungunya,2019,9,16,1,0
Chikungunya,2019,9,17,34,0
Chikungunya,2019,9,21,19,0
Chikungunya,2019,9,22,26,0
Chikungunya,2019,9,23,217,0
Chikungunya,2019,9,24,1714,1
Chikungunya,2019,9,25,155,0
Chikungunya,2019,9,26,645,0
Chikungunya,2019,9,27,186,0
Chikungunya,2019,9,28,107,0
Chikungunya,2019,9,29,1236,0
Chikungunya,2019,9,31,159,0
Chikungunya,2019,9,32,193,0
Chikungunya,2019,9,33,1874,5
Chikungunya,2019,9,35,191,0
Chikungunya,2019,9,41,29,0
Chikungunya,2019,9,42,23,0
Chikungunya,2019,9,43,14,0
Chikungunya,2019,9,50,20,0
Chikungunya,2019,9,51,26,0
Chikungunya,2019,9,52,6,0
Chikungunya,2019,9,53,16,0
Chikungunya,2019,10,11,44,0
Chikungunya,2019,10,12,5,0
Chikungunya,2019,10,13,4,0
Chikungunya,2019,10,14,59,0
Chikungunya,2019,10,15,163,0
Chikungunya,2019,10,17,34,0
Chikungunya,2019,10,21,26,0
Chikungunya,2019,10,22,23,0
Chikungunya,2019,10,23,166,0
Chikungunya,2019,10,24,1066,0
Chikungunya,2019,10,25,220,0
Chikungunya,2019,10,26,591,0
Chikungunya,2019,10,27,84,0
Chikungunya,2019,10,28,48,0
Chikungunya,2019,10,29,1156,2
Chikungunya,2019,10,31,144,0
Chikungunya,2019,10,32,191,0
Chikungunya,2019,10,33,1760,1
Chikungunya,2019,10,35,217,0
Chikungunya,2019,10,41,26,0
Chikungunya,2019,10,42,36,0
Chikungunya,2019,10,43,16,0
Chikungunya,2019,10,50,29,0
Chikungunya,2019,10,51,39,0
Chikungunya,2019,10,52,11,0
Chikungunya,2019,10,53,15,0
Chikungunya,2019,11,11,35,0
Chikungunya,2019,11,12,6,0
Chikungunya,2019,11,13,3,0
Chikungunya,2019,11,14,50,0
Chikungunya,2019,11,15,177,0
Chikungunya,2019,11,16,10,0
Chikungunya,2019,11,17,56,0
Chikungunya,2019,11,21,14,0
Chikungunya,2019,11,22,22,0
Chikungunya,2019,11,23,112,0
Chikungunya,2019,11,24,377,3
Chikungunya,2019,11,25,121,0
Chikungunya,2019,11,26,421,1
Chikungunya,2019,11,27,35,0
Chikungunya,2019,11,28,69,0
Chikungunya,2019,11,29,983,0
Chikungunya,2019,11,31,125,0
Chikungunya,2019,11,32,192,0
Chikungunya,2019,11,33,1307,1
Chikungunya,2019,11,35,178,0
Chikungunya,2019,11,41,44,0
Chikungunya,2019,11,42,41,0
Chikungunya,2019,11,43,18,0
Chikungunya,2019,11,50,31,0
Chikungunya,2019,11,51,44,0
Chikungunya,2019,11,52,9,0
Chikungunya,2019,11,53,12,0
Chikungunya,2019,12,11,72,0
Chikungunya,2019,12,12,12,0
Chikungunya,2019,12,13,11,0
Chikungunya,2019,12,14,32,0
Chikungunya,2019,12,15,174,0
Chikungunya,2019,12,16,2,0
Chikungunya,2019,12,17,55,0
Chikungunya,2019,12,21,12,0
Chikungunya,2019,12,22,16,0
Chikungunya,2019,12,23,108,0
Chikungunya,2019,12,24,192,0
Chikungunya,2019,12,25,80,0
Chikungunya,2019,12,26,254,0
Chikungunya,2019,12,27,19,1
Chikungunya,2019,12,28,16,0
Chikungunya,2019,12,29,744,1
Chikungunya,2019,12,31,139,0
Chikungunya,2019,12,32,693,0
Chikungunya,2019,12,33,1123,0
Chikungunya,2019,12,35,167,0
Chikungunya,2019,12,41,41,0
Chikungunya,2019,12,42,32,0
Chikungunya,2019,12,43,17,0
Chikungunya,2019,12,50,23,0
Chikungunya,2019,12,51,63,0
Chikungunya,2019,12,52,10,0
Chikungunya,2019,12,53,21,0
Chikungunya,2020,1,11,166,0
Chikungunya,2020,1,12,23,0
Chikungunya,2020,1,13,23,0
Chikungunya,2020,1,14,25,0
Chikungunya,2020,1,15,462,0
Chikungunya,2020,1,16,4,0
Chikungunya,2020,1,17,59,0
Chikungunya,2020,1,21,27,0
Chikungunya,2020,1,22,28,0
Chikungunya,2020,1,23,205,0
Chikungunya,2020,1,24,265,0
Chikungunya,2020,1,25,119,0
Chikungunya,2020,1,26,296,0
Chikungunya,2020,1,27,12,0
Chikungunya,2020,1,28,29,0
Chikungunya,2020,1,29,1159,1
Chikungunya,2020,1,31,336,0
Chikungunya,2020,1,32,1746,1
Chikungunya,2020,1,33,1646,1
Chikungunya,2020,1,35,347,0
Chikungunya,2020,1,41,85,0
Chikungunya,2020,1,42,58,0
Chikungunya,2020,1,43,29,0
Chikungunya,2020,1,50,85,0
Chikungunya,2020,1,51,164,1
Chikungunya,2020,1,52,24,0
Chikungunya,2020,1,53,119,0
Chikungunya,2020,2,11,186,0
Chikungunya,2020,2,12,31,0
Chikungunya,2020,2,13,17,0
Chikungunya,2020,2,14,29,0
Chikungunya,2020,2,15,474,0
Chikungunya,2020,2,16,9,0
Chikungunya,2020,2,17,59,0
Chikungunya,2020,2,21,41,1
Chikungunya,2020,2,22,16,0
Chikungunya,2020,2,23,436,0
Chikungunya,2020,2,24,314,0
Chikungunya,2020,2,25,56,0
Chikungunya,2020,2,26,343,0
Chikungunya,2020,2,27,9,0
Chikungunya,2020,2,28,7,0
Chikungunya,2020,2,29,1809,1
Chikungunya,2020,2,31,404,0
Chikungunya,2020,2,32,1661,0
Chikungunya,2020,2,33,1425,0
Chikungunya,2020,2,35,335,0
Chikungunya,2020,2,41,172,0
Chikungunya,2020,2,42,76,0
Chikungunya,2020,2,43,18,0
Chikungunya,2020,2,50,94,0
Chikungunya,2020,2,51,185,0
Chikungunya,2020,2,52,18,0
Chikungunya,2020,2,53,147,0
Chikungunya,2020,3,11,203,0
Chikungunya,2020,3,12,15,0
Chikungunya,2020,3,13,10,0
Chikungunya,2020,3,14,18,0
Chikungunya,2020,3,15,493,0
Chikungunya,2020,3,16,3,0
Chikungunya,2020,3,17,60,0
Chikungunya,2020,3,21,42,0
Chikungunya,2020,3,22,37,0
Chikungunya,2020,3,23,427,1
Chikungunya,2020,3,24,517,1
Chikungunya,2020,3,25,75,0
Chikungunya,2020,3,26,308,0
Chikungunya,2020,3,27,14,0
Chikungunya,2020,3,28,39,0
Chikungunya,2020,3,29,3363,0
Chikungunya,2020,3,31,470,0
Chikungunya,2020,3,32,1340,0
Chikungunya,2020,3,33,1028,1
Chikungunya,2020,3,35,383,0
Chikungunya,2020,3,41,175,0
Chikungunya,2020,3,42,75,0
Chikungunya,2020,3,43,27,0
Chikungunya,2020,3,50,84,0
Chikungunya,2020,3,51,157,0
Chikungunya,2020,3,52,28,0
Chikungunya,2020,3,53,177,0
Chikungunya,2020,4,11,167,0
Chikungunya,2020,4,12,8,0
Chikungunya,2020,4,13,4,0
Chikungunya,2020,4,14,10,0
Chikungunya,2020,4,15,178,0
Chikungunya,2020,4,17,57,0
Chikungunya,2020,4,21,45,0
Chikungunya,2020,4,22,28,0
Chikungunya,2020,4,23,363,0
Chikungunya,2020,4,24,679,0
Chikungunya,2020,4,25,92,1
Chikungunya,2020,4,26,271,0
Chikungunya,2020,4,27,26,0
Chikungunya,2020,4,28,39,0
Chikungunya,2020,4,29,7674,1
Chikungunya,2020,4,31,582,0
Chikungunya,2020,4,32,3,0
Chikungunya,2020,4,33,380,0
Chikungunya,2020,4,35,152,0
Chikungunya,2020,4,41,87,0
Chikungunya,2020,4,42,93,0
Chikungunya,2020,4,43,25,0
Chikungunya,2020,4,50,51,0
Chikungunya,2020,4,51,98,0
Chikungunya,2020,4,52,19,0
Chikungunya,2020,4,53,193,0
Chikungunya,2020,5,11,75,0
Chikungunya,2020,5,12,33,0
Chikungunya,2020,5,13,8,0
Chikungunya,2020,5,14,10,0
Chikungunya,2020,5,15,43,0
Chikungunya,2020,5,17,36,0
Chikungunya,2020,5,21,14,0
Chikungunya,2020,5,22,35,0
Chikungunya,2020,5,23,450,0
Chikungunya,2020,5,24,1031,0
Chikungunya,2020,5,25,193,0
Chikungunya,2020,5,26,626,0
Chikungunya,2020,5,27,28,0
Chikungunya,2020,5,28,134,0
Chikungunya,2020,5,29,11655,1
Chikungunya,2020,5,31,771,0
Chikungunya,2020,5,32,1,0
Chikungunya,2020,5,33,313,0
Chikungunya,2020,5,35,132,0
Chikungunya,2020,5,41,53,0
Chikungunya,2020,5,42,77,0
Chikungunya,2020,5,43,65,0
Chikungunya,2020,5,50,25,0
Chikungunya,2020,5,51,69,0
Chikungunya,2020,5,52,33,0
Chikungunya,2020,5,53,205,0
Chikungunya,2020,6,11,50,0
Chikungunya,2020,6,12,44,0
Chikungunya,2020,6,13,8,0
Chikungunya,2020,6,14,13,0
Chikungunya,2020,6,15,57,0
Chikungunya,2020,6,17,24,0
Chikungunya,2020,6,21,16,1
Chikungunya,2020,6,22,52,0
Chikungunya,2020,6,23,399,1
Chikungunya,2020,6,24,1673,1
Chikungunya,2020,6,25,289,1
Chikungunya,2020,6,26,910,0
Chikungunya,2020,6,27,31,0
Chikungunya,2020,6,28,518,0
Chikungunya,2020,6,29,9491,2
Chikungunya,2020,6,31,464,0
Chikungunya,2020,6,33,264,0
Chikungunya,2020,6,35,129,0
Chikungunya,2020,6,41,19,0
Chikungunya,2020,6,42,115,0
Chikungunya,2020,6,43,40,0
Chikungunya,2020,6,50,14,0
Chikungunya,2020,6,51,53,0
Chikungunya,2020,6,52,12,0
Chikungunya,2020,6,53,144,0
Chikungunya,2020,7,11,29,0
Chikungunya,2020,7,12,39,0
Chikungunya,2020,7,13,12,0
Chikungunya,2020,7,14,10,0
Chikungunya,2020,7,15,51,0
Chikungunya,2020,7,16,2,0
Chikungunya,2020,7,17,21,0
Chikungunya,2020,7,21,13,0
Chikungunya,2020,7,22,40,0
Chikungunya,2020,7,23,507,0
Chikungunya,2020,7,24,1567,1
Chikungunya,2020,7,25,613,2
Chikungunya,2020,7,26,1798,0
Chikungunya,2020,7,27,51,0
Chikungunya,2020,7,28,1090,0
Chikungunya,2020,7,29,6012,1
Chikungunya,2020,7,31,294,0
Chikungunya,2020,7,33,214,0
Chikungunya,2020,7,35,121,0
Chikungunya,2020,7,41,15,0
Chikungunya,2020,7,42,54,0
Chikungunya,2020,7,43,16,0
Chikungunya,2020,7,50,10,0
Chikungunya,2020,7,51,22,0
Chikungunya,2020,7,52,17,0
Chikungunya,2020,7,53,160,0
Chikungunya,2020,8,11,30,0
Chikungunya,2020,8,12,12,0
Chikungunya,2020,8,13,8,0
Chikungunya,2020,8,14,9,0
Chikungunya,2020,8,15,46,0
Chikungunya,2020,8,16,5,0
Chikungunya,2020,8,17,24,0
Chikungunya,2020,8,21,14,0
Chikungunya,2020,8,22,20,0
Chikungunya,2020,8,23,349,0
Chikungunya,2020,8,24,886,0
Chikungunya,2020,8,25,408,0
Chikungunya,2020,8,26,1393,0
Chikungunya,2020,8,27,37,0
Chikungunya,2020,8,28,1328,0
Chikungunya,2020,8,29,2307,0
Chikungunya,2020,8,31,159,0
Chikungunya,2020,8,33,131,0
Chikungunya,2020,8,35,95,0
Chikungunya,2020,8,41,13,0
Chikungunya,2020,8,42,29,0
Chikungunya,2020,8,43,10,0
Chikungunya,2020,8,50,15,0
Chikungunya,2020,8,51,16,0
Chikungunya,2020,8,52,11,0
Chikungunya,2020,8,53,335,0
Chikungunya,2020,9,11,30,0
Chikungunya,2020,9,12,14,0
Chikungunya,2020,9,13,5,0
Chikungunya,2020,9,14,8,0
Chikungunya,2020,9,15,40,0
Chikungunya,2020,9,16,3,0
Chikungunya,2020,9,17,21,0
Chikungunya,2020,9,21,12,0
Chikungunya,2020,9,22,9,0
Chikungunya,2020,9,23,211,0
Chikungunya,2020,9,24,386,0
Chikungunya,2020,9,25,266,0
Chikungunya,2020,9,26,1118,0
Chikungunya,2020,9,27,26,0
Chikungunya,2020,9,28,897,0
Chikungunya,2020,9,29,1293,1
Chikungunya,2020,9,31,200,0
Chikungunya,2020,9,33,138,1
Chikungunya,2020,9,35,109,0
Chikungunya,2020,9,41,16,0
Chikungunya,2020,9,42,24,0
Chikungunya,2020,9,43,7,0
Chikungunya,2020,9,50,6,0
Chikungunya,2020,9,51,9,0
Chikungunya,2020,9,52,7,0
Chikungunya,2020,9,53,19,0
Chikungunya,2020,10,11,19,0
Chikungunya,2020,10,12,16,0
Chikungunya,2020,10,13,7,0
Chikungunya,2020,10,14,11,0
Chikungunya,2020,10,15,42,0
Chikungunya,2020,10,16,7,0
Chikungunya,2020,10,17,16,0
Chikungunya,2020,10,21,6,0
Chikungunya,2020,10,22,12,0
Chikungunya,2020,10,23,127,0
Chikungunya,2020,10,24,213,1
Chikungunya,2020,10,25,130,1
Chikungunya,2020,10,26,700,0
Chikungunya,2020,10,27,29,0
Chikungunya,2020,10,28,549,1
Chikungunya,2020,10,29,1003,1
Chikungunya,2020,10,31,225,0
Chikungunya,2020,10,33,98,0
Chikungunya,2020,10,35,119,0
Chikungunya,2020,10,41,25,0
Chikungunya,2020,10,42,27,0
Chikungunya,2020,10,43,12,0
Chikungunya,2020,10,50,17,0
Chikungunya,2020,10,51,3,0
Chikungunya,2020,10,52,3,0
Chikungunya,2020,10,53,24,0
Chikungunya,2020,11,11,49,0
Chikungunya,2020,11,12,17,0
Chikungunya,2020,11,13,8,0
Chikungunya,2020,11,14,4,0
Chikungunya,2020,11,15,27,0
Chikungunya,2020,11,16,4,0
Chikungunya,2020,11,17,18,0
Chikungunya,2020,11,21,8,0
Chikungunya,2020,11,22,8,0
Chikungunya,2020,11,23,167,0
Chikungunya,2020,11,24,143,0
Chikungunya,2020,11,25,103,0
Chikungunya,2020,11,26,545,0
Chikungunya,2020,11,27,17,0
Chikungunya,2020,11,28,226,0
Chikungunya,2020,11,29,768,0
Chikungunya,2020,11,31,351,0
Chikungunya,2020,11,33,128,0
Chikungunya,2020,11,35,108,0
Chikungunya,2020,11,41,27,0
Chikungunya,2020,11,42,17,0
Chikungunya,2020,11,43,10,0
Chikungunya,2020,11,50,18,0
Chikungunya,2020,11,51,10,0
Chikungunya,2020,11,52,3,0
Chikungunya,2020,11,53,19,0
Chikungunya,2020,12,11,73,0
Chikungunya,2020,12,12,22,0
Chikungunya,2020,12,13,13,0
Chikungunya,2020,12,14,4,0
Chikungunya,2020,12,15,40,0
Chikungunya,2020,12,16,7,0
Chikungunya,2020,12,17,29,0
Chikungunya,2020,12,21,11,0
Chikungunya,2020,12,22,9,0
Chikungunya,2020,12,23,111,0
Chikungunya,2020,12,24,123,0
Chikungunya,2020,12,25,81,1
Chikungunya,2020,12,26,345,0
Chikungunya,2020,12,27,11,0
Chikungunya,2020,12,28,141,0
Chikungunya,2020,12,29,492,1
Chikungunya,2020,12,31,858,0
Chikungunya,2020,12,33,94,0
Chikungunya,2020,12,35,191,0
Chikungunya,2020,12,41,15,0
Chikungunya,2020,12,42,23,0
Chikungunya,2020,12,43,7,0
Chikungunya,2020,12,50,7,0
Chikungunya,2020,12,51,11,0
Chikungunya,2020,12,52,5,0
Chikungunya,2020,12,53,20,0
Chikungunya,2021,1,11,50,0
Chikungunya,2021,1,12,111,0
Chikungunya,2021,1,13,14,0
Chikungunya,2021,1,14,7,0
Chikungunya,2021,1,15,44,0
Chikungunya,2021,1,16,8,0
Chikungunya,2021,1,17,19,0
Chikungunya,2021,1,21,14,0
Chikungunya,2021,1,22,13,0
Chikungunya,2021,1,23,71,0
Chikungunya,2021,1,24,58,0
Chikungunya,2021,1,25,129,0
Chikungunya,2021,1,26,329,0
Chikungunya,2021,1,27,3,0
Chikungunya,2021,1,28,88,0
Chikungunya,2021,1,29,755,0
Chikungunya,2021,1,31,503,0
Chikungunya,2021,1,33,71,0
Chikungunya,2021,1,35,356,0
Chikungunya,2021,1,41,13,0
Chikungunya,2021,1,42,25,0
Chikungunya,2021,1,43,4,0
Chikungunya,2021,1,50,23,0
Chikungunya,2021,1,51,15,0
Chikungunya,2021,1,52,10,0
Chikungunya,2021,1,53,7,0
Chikungunya,2021,2,11,71,0
Chikungunya,2021,2,12,59,0
Chikungunya,2021,2,13,7,0
Chikungunya,2021,2,14,7,0
Chikungunya,2021,2,15,86,0
Chikungunya,2021,2,16,9,0
Chikungunya,2021,2,17,36,0
Chikungunya,2021,2,21,8,0
Chikungunya,2021,2,22,11,0
Chikungunya,2021,2,23,176,0
Chikungunya,2021,2,24,128,0
Chikungunya,2021,2,25,680,0
Chikungunya,2021,2,26,657,0
Chikungunya,2021,2,27,11,0
Chikungunya,2021,2,28,178,0
Chikungunya,2021,2,29,1730,0
Chikungunya,2021,2,31,522,0
Chikungunya,2021,2,33,64,0
Chikungunya,2021,2,35,2190,1
Chikungunya,2021,2,41,20,0
Chikungunya,2021,2,42,69,0
Chikungunya,2021,2,43,9,0
Chikungunya,2021,2,50,38,0
Chikungunya,2021,2,51,46,0
Chikungunya,2021,2,52,17,0
Chikungunya,2021,2,53,7,0
Chikungunya,2021,3,11,105,0
Chikungunya,2021,3,12,117,0
Chikungunya,2021,3,13,24,0
Chikungunya,2021,3,14,20,0
Chikungunya,2021,3,15,108,0
Chikungunya,2021,3,16,9,0
Chikungunya,2021,3,17,66,0
Chikungunya,2021,3,21,7,0
Chikungunya,2021,3,22,9,0
Chikungunya,2021,3,23,309,0
Chikungunya,2021,3,24,497,0
Chikungunya,2021,3,25,398,0
Chikungunya,2021,3,26,1123,0
Chikungunya,2021,3,27,13,0
Chikungunya,2021,3,28,205,0
Chikungunya,2021,3,29,4141,0
Chikungunya,2021,3,31,1331,0
Chikungunya,2021,3,33,123,0
Chikungunya,2021,3,35,8155,1
Chikungunya,2021,3,41,66,0
Chikungunya,2021,3,42,48,0
Chikungunya,2021,3,43,106,0
Chikungunya,2021,3,50,96,0
Chikungunya,2021,3,51,65,0
Chikungunya,2021,3,52,40,0
Chikungunya,2021,3,53,12,0
Chikungunya,2021,4,11,45,0
Chikungunya,2021,4,12,57,0
Chikungunya,2021,4,13,33,0
Chikungunya,2021,4,14,69,0
Chikungunya,2021,4,15,100,0
Chikungunya,2021,4,16,7,0
Chikungunya,2021,4,17,68,0
Chikungunya,2021,4,21,5,0
Chikungunya,2021,4,22,34,0
Chikungunya,2021,4,23,413,0
Chikungunya,2021,4,24,919,0
Chikungunya,2021,4,25,569,0
Chikungunya,2021,4,26,2062,0
Chikungunya,2021,4,27,9,0
Chikungunya,2021,4,28,147,1
Chikungunya,2021,4,29,2923,0
Chikungunya,2021,4,31,1454,0
Chikungunya,2021,4,33,120,0
Chikungunya,2021,4,35,7454,2
Chikungunya,2021,4,41,75,0
Chikungunya,2021,4,42,91,0
Chikungunya,2021,4,43,312,0
Chikungunya,2021,4,50,85,0
Chikungunya,2021,4,51,44,0
Chikungunya,2021,4,52,113,0
Chikungunya,2021,4,53,21,0
Chikungunya,2021,5,11,25,0
Chikungunya,2021,5,12,62,0
Chikungunya,2021,5,13,38,0
Chikungunya,2021,5,14,46,0
Chikungunya,2021,5,15,108,0
Chikungunya,2021,5,16,7,0
Chikungunya,2021,5,17,117,0
Chikungunya,2021,5,21,13,0
Chikungunya,2021,5,22,86,0
Chikungunya,2021,5,23,617,0
Chikungunya,2021,5,24,1024,0
Chikungunya,2021,5,25,1130,0
Chikungunya,2021,5,26,5849,2
Chikungunya,2021,5,27,27,0
Chikungunya,2021,5,28,319,0
Chikungunya,2021,5,29,3091,1
Chikungunya,2021,5,31,1533,1
Chikungunya,2021,5,33,179,0
Chikungunya,2021,5,35,4220,1
Chikungunya,2021,5,41,64,0
Chikungunya,2021,5,42,91,0
Chikungunya,2021,5,43,133,0
Chikungunya,2021,5,50,53,0
Chikungunya,2021,5,51,39,0
Chikungunya,2021,5,52,189,0
Chikungunya,2021,5,53,72,0
Chikungunya,2021,6,11,28,0
Chikungunya,2021,6,12,41,0
Chikungunya,2021,6,13,42,0
Chikungunya,2021,6,14,30,0
Chikungunya,2021,6,15,99,0
Chikungunya,2021,6,16,11,0
Chikungunya,2021,6,17,138,0
Chikungunya,2021,6,21,14,0
Chikungunya,2021,6,22,96,0
Chikungunya,2021,6,23,777,0
Chikungunya,2021,6,24,948,0
Chikungunya,2021,6,25,1758,0
Chikungunya,2021,6,26,8685,1
Chikungunya,2021,6,27,72,0
Chikungunya,2021,6,28,581,0
Chikungunya,2021,6,29,2015,0
Chikungunya,2021,6,31,1098,0
Chikungunya,2021,6,33,135,0
Chikungunya,2021,6,35,1876,1
Chikungunya,2021,6,41,22,0
Chikungunya,2021,6,42,47,0
Chikungunya,2021,6,43,37,0
Chikungunya,2021,6,50,54,0
Chikungunya,2021,6,51,24,0
Chikungunya,2021,6,52,163,0
Chikungunya,2021,6,53,71,0
Chikungunya,2021,7,11,14,0
Chikungunya,2021,7,12,30,0
Chikungunya,2021,7,13,56,0
Chikungunya,2021,7,14,36,0
Chikungunya,2021,7,15,79,0
Chikungunya,2021,7,16,17,0
Chikungunya,2021,7,17,99,0
Chikungunya,2021,7,21,19,0
Chikungunya,2021,7,22,76,0
Chikungunya,2021,7,23,1084,0
Chikungunya,2021,7,24,618,0
Chikungunya,2021,7,25,2433,0
Chikungunya,2021,7,26,7030,0
Chikungunya,2021,7,27,144,0
Chikungunya,2021,7,28,924,0
Chikungunya,2021,7,29,1041,0
Chikungunya,2021,7,31,443,0
Chikungunya,2021,7,33,115,0
Chikungunya,2021,7,35,777,0
Chikungunya,2021,7,41,13,0
Chikungunya,2021,7,42,32,0
Chikungunya,2021,7,43,22,0
Chikungunya,2021,7,50,28,0
Chikungunya,2021,7,51,20,0
Chikungunya,2021,7,52,97,0
Chikungunya,2021,7,53,48,0
Chikungunya,2021,8,11,22,0
Chikungunya,2021,8,12,27,0
Chikungunya,2021,8,13,45,0
Chikungunya,2021,8,14,42,0
Chikungunya,2021,8,15,65,0
Chikungunya,2021,8,16,61,0
Chikungunya,2021,8,17,93,0
Chikungunya,2021,8,21,14,0
Chikungunya,2021,8,22,87,0
Chikungunya,2021,8,23,611,0
Chikungunya,2021,8,24,458,0
Chikungunya,2021,8,25,1745,0
Chikungunya,2021,8,26,4467,0
Chikungunya,2021,8,27,167,0
Chikungunya,2021,8,28,1101,0
Chikungunya,2021,8,29,468,0
Chikungunya,2021,8,31,250,0
Chikungunya,2021,8,33,107,0
Chikungunya,2021,8,35,459,0
Chikungunya,2021,8,41,17,0
Chikungunya,2021,8,42,25,0
Chikungunya,2021,8,43,12,0
Chikungunya,2021,8,50,20,0
Chikungunya,2021,8,51,26,0
Chikungunya,2021,8,52,51,0
Chikungunya,2021,8,53,20,0
Chikungunya,2021,9,11,13,0
Chikungunya,2021,9,12,27,0
Chikungunya,2021,9,13,47,0
Chikungunya,2021,9,14,30,0
Chikungunya,2021,9,15,72,0
Chikungunya,2021,9,16,36,0
Chikungunya,2021,9,17,40,0
Chikungunya,2021,9,21,15,0
Chikungunya,2021,9,22,49,0
Chikungunya,2021,9,23,296,0
Chikungunya,2021,9,24,314,0
Chikungunya,2021,9,25,1406,0
Chikungunya,2021,9,26,2517,1
Chikungunya,2021,9,27,102,0
Chikungunya,2021,9,28,835,0
Chikungunya,2021,9,29,275,0
Chikungunya,2021,9,31,161,0
Chikungunya,2021,9,33,84,0
Chikungunya,2021,9,35,345,0
Chikungunya,2021,9,41,22,0
Chikungunya,2021,9,42,20,0
Chikungunya,2021,9,43,6,0
Chikungunya,2021,9,50,17,0
Chikungunya,2021,9,51,11,0
Chikungunya,2021,9,52,24,0
Chikungunya,2021,9,53,13,0
Chikungunya,2021,10,11,11,0
Chikungunya,2021,10,12,36,0
Chikungunya,2021,10,13,31,0
Chikungunya,2021,10,14,14,0
Chikungunya,2021,10,15,44,0
Chikungunya,2021,10,16,21,0
Chikungunya,2021,10,17,51,0
Chikungunya,2021,10,21,29,0
Chikungunya,2021,10,22,3,0
Chikungunya,2021,10,23,208,0
Chikungunya,2021,10,24,226,0
Chikungunya,2021,10,25,991,0
Chikungunya,2021,10,26,1694,0
Chikungunya,2021,10,27,71,0
Chikungunya,2021,10,28,610,0
Chikungunya,2021,10,29,223,0
Chikungunya,2021,10,31,110,0
Chikungunya,2021,10,33,52,0
Chikungunya,2021,10,35,273,0
Chikungunya,2021,10,41,14,0
Chikungunya,2021,10,42,22,0
Chikungunya,2021,10,43,9,0
Chikungunya,2021,10,50,20,0
Chikungunya,2021,10,51,12,0
Chikungunya,2021,10,52,28,0
Chikungunya,2021,10,53,18,0
Chikungunya,2021,11,11,21,0
Chikungunya,2021,11,12,44,0
Chikungunya,2021,11,13,13,0
Chikungunya,2021,11,14,20,0
Chikungunya,2021,11,15,67,0
Chikungunya,2021,11,16,7,0
Chikungunya,2021,11,17,111,0
Chikungunya,2021,11,21,22,0
Chikungunya,2021,11,22,7,0
Chikungunya,2021,11,23,270,1
Chikungunya,2021,11,24,340,0
Chikungunya,2021,11,25,596,1
Chikungunya,2021,11,26,1181,0
Chikungunya,2021,11,27,133,0
Chikungunya,2021,11,28,414,0
Chikungunya,2021,11,29,236,0
Chikungunya,2021,11,31,142,0
Chikungunya,2021,11,33,57,0
Chikungunya,2021,11,35,316,0
Chikungunya,2021,11,41,20,0
Chikungunya,2021,11,42,26,0
Chikungunya,2021,11,43,12,0
Chikungunya,2021,11,50,41,0
Chikungunya,2021,11,51,18,0
Chikungunya,2021,11,52,50,1
Chikungunya,2021,11,53,21,0
Chikungunya,2021,12,11,28,0
Chikungunya,2021,12,12,56,0
Chikungunya,2021,12,13,20,0
Chikungunya,2021,12,14,20,0
Chikungunya,2021,12,15,75,0
Chikungunya,2021,12,16,10,0
Chikungunya,2021,12,17,306,0
Chikungunya,2021,12,21,114,0
Chikungunya,2021,12,22,9,0
Chikungunya,2021,12,23,512,0
Chikungunya,2021,12,24,394,0
Chikungunya,2021,12,25,504,0
Chikungunya,2021,12,26,903,0
Chikungunya,2021,12,27,71,0
Chikungunya,2021,12,28,378,0
Chikungunya,2021,12,29,1015,0
Chikungunya,2021,12,31,173,0
Chikungunya,2021,12,33,59,0
Chikungunya,2021,12,35,392,0
Chikungunya,2021,12,41,21,0
Chikungunya,2021,12,42,34,0
Chikungunya,2021,12,43,11,0
Chikungunya,2021,12,50,49,0
Chikungunya,2021,12,51,25,0
Chikungunya,2021,12,52,255,0
Chikungunya,2021,12,53,25,0
Chikungunya,2022,1,11,75,0
Chikungunya,2022,1,12,41,0
Chikungunya,2022,1,13,16,0
Chikungunya,2022,1,14,9,0
Chikungunya,2022,1,15,65,0
Chikungunya,2022,1,16,11,0
Chikungunya,2022,1,17,322,0
Chikungunya,2022,1,21,102,0
Chikungunya,2022,1,22,63,0
Chikungunya,2022,1,23,524,0
Chikungunya,2022,1,24,233,0
Chikungunya,2022,1,25,413,0
Chikungunya,2022,1,26,548,0
Chikungunya,2022,1,27,24,1
Chikungunya,2022,1,28,223,0
Chikungunya,2022,1,29,1554,0
Chikungunya,2022,1,31,355,0
Chikungunya,2022,1,32,102,0
Chikungunya,2022,1,33,43,0
Chikungunya,2022,1,35,233,0
Chikungunya,2022,1,41,11,0
Chikungunya,2022,1,42,32,0
Chikungunya,2022,1,43,9,0
Chikungunya,2022,1,50,50,0
Chikungunya,2022,1,51,26,0
Chikungunya,2022,1,52,383,0
Chikungunya,2022,1,53,37,0
Chikungunya,2022,2,11,25,0
Chikungunya,2022,2,12,22,0
Chikungunya,2022,2,13,33,0
Chikungunya,2022,2,14,7,0
Chikungunya,2022,2,15,103,0
Chikungunya,2022,2,16,17,0
Chikungunya,2022,2,17,449,0
Chikungunya,2022,2,21,78,1
Chikungunya,2022,2,22,282,0
Chikungunya,2022,2,23,3250,4
Chikungunya,2022,2,24,370,0
Chikungunya,2022,2,25,986,0
Chikungunya,2022,2,26,1650,1
Chikungunya,2022,2,27,118,0
Chikungunya,2022,2,28,392,0
Chikungunya,2022,2,29,2794,0
Chikungunya,2022,2,31,505,0
Chikungunya,2022,2,32,129,0
Chikungunya,2022,2,33,81,0
Chikungunya,2022,2,35,329,0
Chikungunya,2022,2,41,21,0
Chikungunya,2022,2,42,146,0
Chikungunya,2022,2,43,25,0
Chikungunya,2022,2,50,71,0
Chikungunya,2022,2,51,27,0
Chikungunya,2022,2,52,787,0
Chikungunya,2022,2,53,82,0
Chikungunya,2022,3,11,76,0
Chikungunya,2022,3,12,22,0
Chikungunya,2022,3,13,41,0
Chikungunya,2022,3,14,13,0
Chikungunya,2022,3,15,157,0
Chikungunya,2022,3,16,18,0
Chikungunya,2022,3,17,792,0
Chikungunya,2022,3,21,361,0
Chikungunya,2022,3,22,1647,0
Chikungunya,2022,3,23,9291,6
Chikungunya,2022,3,24,1097,0
Chikungunya,2022,3,25,2668,1
Chikungunya,2022,3,26,4798,0
Chikungunya,2022,3,27,80,0
Chikungunya,2022,3,28,583,0
Chikungunya,2022,3,29,5500,0
Chikungunya,2022,3,31,2057,1
Chikungunya,2022,3,32,425,0
Chikungunya,2022,3,33,141,0
Chikungunya,2022,3,35,505,0
Chikungunya,2022,3,41,64,0
Chikungunya,2022,3,42,225,0
Chikungunya,2022,3,43,140,0
Chikungunya,2022,3,50,353,0
Chikungunya,2022,3,51,65,0
Chikungunya,2022,3,52,1149,2
Chikungunya,2022,3,53,157,0
Chikungunya,2022,4,11,81,0
Chikungunya,2022,4,12,11,0
Chikungunya,2022,4,13,65,0
Chikungunya,2022,4,14,18,0
Chikungunya,2022,4,15,200,0
Chikungunya,2022,4,16,18,0
Chikungunya,2022,4,17,1497,0
Chikungunya,2022,4,21,465,0
Chikungunya,2022,4,22,3748,1
Chikungunya,2022,4,23,13530,4
Chikungunya,2022,4,24,1930,1
Chikungunya,2022,4,25,3847,1
Chikungunya,2022,4,26,7904,3
Chikungunya,2022,4,27,568,0
Chikungunya,2022,4,28,767,0
Chikungunya,2022,4,29,4727,0
Chikungunya,2022,4,31,3206,0
Chikungunya,2022,4,32,512,0
Chikungunya,2022,4,33,182,0
Chikungunya,2022,4,35,502,0
Chikungunya,2022,4,41,82,0
Chikungunya,2022,4,42,165,0
Chikungunya,2022,4,43,257,0
Chikungunya,2022,4,50,701,0
Chikungunya,2022,4,51,84,0
Chikungunya,2022,4,52,952,1
Chikungunya,2022,4,53,201,0
Chikungunya,2022,5,11,78,0
Chikungunya,2022,5,12,18,0
Chikungunya,2022,5,13,104,0
Chikungunya,2022,5,14,32,0
Chikungunya,2022,5,15,277,0
Chikungunya,2022,5,16,41,0
Chikungunya,2022,5,17,2258,0
Chikungunya,2022,5,21,537,0
Chikungunya,2022,5,22,3674,3
Chikungunya,2022,5,23,21052,10
Chikungunya,2022,5,24,4517,2
Chikungunya,2022,5,25,5442,6
Chikungunya,2022,5,26,8923,1
Chikungunya,2022,5,27,2169,0
Chikungunya,2022,5,28,1142,1
Chikungunya,2022,5,29,4495,2
Chikungunya,2022,5,31,2570,0
Chikungunya,2022,5,32,523,0
Chikungunya,2022,5,33,297,0
Chikungunya,2022,5,35,1114,0
Chikungunya,2022,5,41,102,0
Chikungunya,2022,5,42,100,0
Chikungunya,2022,5,43,189,0
Chikungunya,2022,5,50,752,0
Chikungunya,2022,5,51,83,0
Chikungunya,2022,5,52,991,2
Chikungunya,2022,5,53,203,0
Chikungunya,2022,6,11,34,0
Chikungunya,2022,6,12,10,0
Chikungunya,2022,6,13,56,0
Chikungunya,2022,6,14,25,0
Chikungunya,2022,6,15,146,0
Chikungunya,2022,6,16,20,0
Chikungunya,2022,6,17,1744,0
Chikungunya,2022,6,21,550,0
Chikungunya,2022,6,22,1705,3
Chikungunya,2022,6,23,16580,9
Chikungunya,2022,6,24,4433,2
Chikungunya,2022,6,25,3648,4
Chikungunya,2022,6,26,4447,2
Chikungunya,2022,6,27,2717,0
Chikungunya,2022,6,28,1169,1
Chikungunya,2022,6,29,1963,0
Chikungunya,2022,6,31,1065,0
Chikungunya,2022,6,32,265,0
Chikungunya,2022,6,33,200,0
Chikungunya,2022,6,35,498,0
Chikungunya,2022,6,41,40,0
Chikungunya,2022,6,42,38,0
Chikungunya,2022,6,43,33,0
Chikungunya,2022,6,50,645,0
Chikungunya,2022,6,51,57,0
Chikungunya,2022,6,52,553,3
Chikungunya,2022,6,53,100,0
Chikungunya,2022,7,11,35,0
Chikungunya,2022,7,12,13,0
Chikungunya,2022,7,13,43,0
Chikungunya,2022,7,14,35,0
Chikungunya,2022,7,15,121,0
Chikungunya,2022,7,16,9,0
Chikungunya,2022,7,17,831,0
Chikungunya,2022,7,21,410,1
Chikungunya,2022,7,22,604,1
Chikungunya,2022,7,23,7724,1
Chikungunya,2022,7,24,2686,1
Chikungunya,2022,7,25,3432,7
Chikungunya,2022,7,26,2506,0
Chikungunya,2022,7,27,3096,1
Chikungunya,2022,7,28,1174,0
Chikungunya,2022,7,29,868,0
Chikungunya,2022,7,31,501,0
Chikungunya,2022,7,32,190,0
Chikungunya,2022,7,33,135,0
Chikungunya,2022,7,35,406,0
Chikungunya,2022,7,41,32,0
Chikungunya,2022,7,42,32,0
Chikungunya,2022,7,43,19,0
Chikungunya,2022,7,50,215,0
Chikungunya,2022,7,51,37,0
Chikungunya,2022,7,52,234,1
Chikungunya,2022,7,53,64,0
Chikungunya,2022,8,11,32,0
Chikungunya,2022,8,12,14,0
Chikungunya,2022,8,13,29,0
Chikungunya,2022,8,14,129,0
Chikungunya,2022,8,15,117,0
Chikungunya,2022,8,16,12,0
Chikungunya,2022,8,17,427,0
Chikungunya,2022,8,21,351,0
Chikungunya,2022,8,22,220,0
Chikungunya,2022,8,23,4238,4
Chikungunya,2022,8,24,2246,1
Chikungunya,2022,8,25,2163,1
Chikungunya,2022,8,26,1954,1
Chikungunya,2022,8,27,1776,0
Chikungunya,2022,8,28,1193,0
Chikungunya,2022,8,29,678,0
Chikungunya,2022,8,31,292,0
Chikungunya,2022,8,32,175,0
Chikungunya,2022,8,33,111,1
Chikungunya,2022,8,35,324,0
Chikungunya,2022,8,41,22,0
Chikungunya,2022,8,42,21,0
Chikungunya,2022,8,43,17,0
Chikungunya,2022,8,50,246,0
Chikungunya,2022,8,51,35,0
Chikungunya,2022,8,52,277,0
Chikungunya,2022,8,53,61,0
Chikungunya,2022,9,11,13,0
Chikungunya,2022,9,12,9,0
Chikungunya,2022,9,13,21,0
Chikungunya,2022,9,14,95,0
Chikungunya,2022,9,15,113,0
Chikungunya,2022,9,16,8,0
Chikungunya,2022,9,17,203,0
Chikungunya,2022,9,21,222,0
Chikungunya,2022,9,22,142,0
Chikungunya,2022,9,23,1963,0
Chikungunya,2022,9,24,1039,0
Chikungunya,2022,9,25,908,1
Chikungunya,2022,9,26,908,0
Chikungunya,2022,9,27,784,0
Chikungunya,2022,9,28,661,0
Chikungunya,2022,9,29,466,0
Chikungunya,2022,9,31,294,0
Chikungunya,2022,9,32,83,0
Chikungunya,2022,9,33,85,0
Chikungunya,2022,9,35,238,0
Chikungunya,2022,9,41,8,0
Chikungunya,2022,9,42,23,0
Chikungunya,2022,9,43,13,0
Chikungunya,2022,9,50,241,0
Chikungunya,2022,9,51,11,0
Chikungunya,2022,9,52,189,0
Chikungunya,2022,9,53,44,0
Chikungunya,2022,10,11,14,0
Chikungunya,2022,10,12,11,0
Chikungunya,2022,10,13,16,0
Chikungunya,2022,10,14,24,0
Chikungunya,2022,10,15,87,0
Chikungunya,2022,10,16,8,0
Chikungunya,2022,10,17,149,0
Chikungunya,2022,10,21,163,0
Chikungunya,2022,10,22,71,0
Chikungunya,2022,10,23,936,0
Chikungunya,2022,10,24,467,0
Chikungunya,2022,10,25,468,1
Chikungunya,2022,10,26,656,0
Chikungunya,2022,10,27,428,0
Chikungunya,2022,10,28,412,1
Chikungunya,2022,10,29,394,0
Chikungunya,2022,10,31,283,0
Chikungunya,2022,10,32,139,0
Chikungunya,2022,10,33,127,0
Chikungunya,2022,10,35,269,0
Chikungunya,2022,10,41,12,0
Chikungunya,2022,10,42,13,0
Chikungunya,2022,10,43,6,0
Chikungunya,2022,10,50,367,0
Chikungunya,2022,10,51,12,0
Chikungunya,2022,10,52,249,0
Chikungunya,2022,10,53,21,0
Chikungunya,2022,11,11,26,0
Chikungunya,2022,11,12,18,0
Chikungunya,2022,11,13,21,0
Chikungunya,2022,11,14,26,0
Chikungunya,2022,11,15,100,0
Chikungunya,2022,11,16,4,0
Chikungunya,2022,11,17,159,0
Chikungunya,2022,11,21,88,0
Chikungunya,2022,11,22,67,0
Chikungunya,2022,11,23,723,1
Chikungunya,2022,11,24,343,0
Chikungunya,2022,11,25,263,0
Chikungunya,2022,11,26,727,0
Chikungunya,2022,11,27,294,0
Chikungunya,2022,11,28,394,0
Chikungunya,2022,11,29,535,3
Chikungunya,2022,11,31,732,0
Chikungunya,2022,11,32,173,0
Chikungunya,2022,11,33,123,0
Chikungunya,2022,11,35,261,0
Chikungunya,2022,11,41,19,0
Chikungunya,2022,11,42,26,0
Chikungunya,2022,11,43,17,0
Chikungunya,2022,11,50,460,0
Chikungunya,2022,11,51,17,0
Chikungunya,2022,11,52,157,0
Chikungunya,2022,11,53,19,0
Chikungunya,2022,12,11,28,0
Chikungunya,2022,12,12,14,0
Chikungunya,2022,12,13,26,0
Chikungunya,2022,12,14,29,0
Chikungunya,2022,12,15,97,0
Chikungunya,2022,12,16,4,0
Chikungunya,2022,12,17,309,0
Chikungunya,2022,12,21,99,0
Chikungunya,2022,12,22,77,0
Chikungunya,2022,12,23,491,1
Chikungunya,2022,12,24,199,0
Chikungunya,2022,12,25,113,1
Chikungunya,2022,12,26,496,0
Chikungunya,2022,12,27,202,0
Chikungunya,2022,12,28,280,0
Chikungunya,2022,12,29,1129,1
Chikungunya,2022,12,31,5189,1
Chikungunya,2022,12,32,262,0
Chikungunya,2022,12,33,147,0
Chikungunya,2022,12,35,273,0
Chikungunya,2022,12,41,15,0
Chikungunya,2022,12,42,29,0
Chikungunya,2022,12,43,31,0
Chikungunya,2022,12,50,245,0
Chikungunya,2022,12,51,13,0
Chikungunya,2022,12,52,99,1
Chikungunya,2022,12,53,32,0
Chikungunya,2023,1,11,39,0
Chikungunya,2023,1,12,3,0
Chikungunya,2023,1,13,39,0
Chikungunya,2023,1,14,15,0
Chikungunya,2023,1,15,152,0
Chikungunya,2023,1,16,3,0
Chikungunya,2023,1,17,1448,0
Chikungunya,2023,1,21,175,0
Chikungunya,2023,1,22,207,0
Chikungunya,2023,1,23,558,0
Chikungunya,2023,1,24,359,0
Chikungunya,2023,1,25,132,0
Chikungunya,2023,1,26,499,0
Chikungunya,2023,1,27,122,0
Chikungunya,2023,1,28,344,0
Chikungunya,2023,1,29,1982,0
Chikungunya,2023,1,31,13630,2
Chikungunya,2023,1,32,684,0
Chikungunya,2023,1,33,215,0
Chikungunya,2023,1,35,399,0
Chikungunya,2023,1,41,26,0
Chikungunya,2023,1,42,34,0
Chikungunya,2023,1,43,29,0
Chikungunya,2023,1,50,292,0
Chikungunya,2023,1,51,10,0
Chikungunya,2023,1,52,133,0
Chikungunya,2023,1,53,60,0
Chikungunya,2023,2,11,60,0
Chikungunya,2023,2,12,15,0
Chikungunya,2023,2,13,40,0
Chikungunya,2023,2,14,68,0
Chikungunya,2023,2,15,146,0
Chikungunya,2023,2,16,1,0
Chikungunya,2023,2,17,2917,0
Chikungunya,2023,2,21,308,1
Chikungunya,2023,2,22,486,0
Chikungunya,2023,2,23,951,0
Chikungunya,2023,2,24,311,0
Chikungunya,2023,2,25,162,0
Chikungunya,2023,2,26,604,2
Chikungunya,2023,2,27,104,0
Chikungunya,2023,2,28,299,0
Chikungunya,2023,2,29,2864,0
Chikungunya,2023,2,31,22643,9
Chikungunya,2023,2,32,1582,1
Chikungunya,2023,2,33,394,0
Chikungunya,2023,2,35,590,1
Chikungunya,2023,2,41,182,0
Chikungunya,2023,2,42,46,0
Chikungunya,2023,2,43,19,0
Chikungunya,2023,2,50,1072,0
Chikungunya,2023,2,51,34,0
Chikungunya,2023,2,52,271,1
Chikungunya,2023,2,53,135,0
Chikungunya,2023,3,11,153,0
Chikungunya,2023,3,12,68,0
Chikungunya,2023,3,13,48,0
Chikungunya,2023,3,14,82,0
Chikungunya,2023,3,15,281,0
Chikungunya,2023,3,16,9,0
Chikungunya,2023,3,17,2519,0
Chikungunya,2023,3,21,725,0
Chikungunya,2023,3,22,1050,1
Chikungunya,2023,3,23,1859,0
Chikungunya,2023,3,24,410,1
Chikungunya,2023,3,25,284,0
Chikungunya,2023,3,26,1151,0
Chikungunya,2023,3,27,111,0
Chikungunya,2023,3,28,489,0
Chikungunya,2023,3,29,3742,0
Chikungunya,2023,3,31,26205,13
Chikungunya,2023,3,32,3060,0
Chikungunya,2023,3,33,697,0
Chikungunya,2023,3,35,1212,0
Chikungunya,2023,3,41,917,1
Chikungunya,2023,3,42,180,0
Chikungunya,2023,3,43,101,0
Chikungunya,2023,3,50,3983,1
Chikungunya,2023,3,51,77,0
Chikungunya,2023,3,52,384,1
Chikungunya,2023,3,53,202,0
Chikungunya,2023,4,11,153,0
Chikungunya,2023,4,12,60,0
Chikungunya,2023,4,13,109,0
Chikungunya,2023,4,14,31,0
Chikungunya,2023,4,15,268,0
Chikungunya,2023,4,16,10,0
Chikungunya,2023,4,17,1933,0
Chikungunya,2023,4,21,618,1
Chikungunya,2023,4,22,1106,2
Chikungunya,2023,4,23,1549,1
Chikungunya,2023,4,24,807,0
Chikungunya,2023,4,25,349,0
Chikungunya,2023,4,26,1051,1
Chikungunya,2023,4,27,146,0
Chikungunya,2023,4,28,531,0
Chikungunya,2023,4,29,3159,0
Chikungunya,2023,4,31,23573,7
Chikungunya,2023,4,32,2522,0
Chikungunya,2023,4,33,296,0
Chikungunya,2023,4,35,1568,1
Chikungunya,2023,4,41,986,2
Chikungunya,2023,4,42,244,0
Chikungunya,2023,4,43,138,0
Chikungunya,2023,4,50,3708,1
Chikungunya,2023,4,51,152,0
Chikungunya,2023,4,52,504,2
Chikungunya,2023,4,53,156,0
Chikungunya,2023,5,11,154,0
Chikungunya,2023,5,12,34,0
Chikungunya,2023,5,13,48,0
Chikungunya,2023,5,14,29,0
Chikungunya,2023,5,15,291,0
Chikungunya,2023,5,16,18,0
Chikungunya,2023,5,17,1270,0
Chikungunya,2023,5,21,786,0
Chikungunya,2023,5,22,1035,1
Chikungunya,2023,5,23,1516,1
Chikungunya,2023,5,24,464,0
Chikungunya,2023,5,25,318,0
Chikungunya,2023,5,26,879,0
Chikungunya,2023,5,27,127,0
Chikungunya,2023,5,28,695,0
Chikungunya,2023,5,29,3856,0
Chikungunya,2023,5,31,17369,8
Chikungunya,2023,5,32,2227,0
Chikungunya,2023,5,33,368,0
Chikungunya,2023,5,35,2049,7
Chikungunya,2023,5,41,905,0
Chikungunya,2023,5,42,190,0
Chikungunya,2023,5,43,114,0
Chikungunya,2023,5,50,2685,1
Chikungunya,2023,5,51,90,0
Chikungunya,2023,5,52,653,2
Chikungunya,2023,5,53,199,0
Chikungunya,2023,6,11,69,0
Chikungunya,2023,6,12,10,0
Chikungunya,2023,6,13,52,0
Chikungunya,2023,6,14,34,0
Chikungunya,2023,6,15,225,0
Chikungunya,2023,6,16,8,0
Chikungunya,2023,6,17,518,0
Chikungunya,2023,6,21,505,1
Chikungunya,2023,6,22,699,1
Chikungunya,2023,6,23,990,0
Chikungunya,2023,6,24,338,0
Chikungunya,2023,6,25,181,0
Chikungunya,2023,6,26,461,0
Chikungunya,2023,6,27,103,0
Chikungunya,2023,6,28,483,1
Chikungunya,2023,6,29,2409,2
Chikungunya,2023,6,31,7410,1
Chikungunya,2023,6,32,2054,0
Chikungunya,2023,6,33,274,0
Chikungunya,2023,6,35,959,3
Chikungunya,2023,6,41,321,0
Chikungunya,2023,6,42,40,0
Chikungunya,2023,6,43,50,0
Chikungunya,2023,6,50,1089,0
Chikungunya,2023,6,51,52,0
Chikungunya,2023,6,52,470,1
Chikungunya,2023,6,53,119,0
Chikungunya,2023,7,11,68,0
Chikungunya,2023,7,12,9,0
Chikungunya,2023,7,13,49,0
Chikungunya,2023,7,14,35,0
Chikungunya,2023,7,15,177,0
Chikungunya,2023,7,16,12,0
Chikungunya,2023,7,17,212,0
Chikungunya,2023,7,21,470,1
Chikungunya,2023,7,22,342,0
Chikungunya,2023,7,23,681,0
Chikungunya,2023,7,24,218,0
Chikungunya,2023,7,25,152,1
Chikungunya,2023,7,26,546,0
Chikungunya,2023,7,27,116,0
Chikungunya,2023,7,28,516,2
Chikungunya,2023,7,29,1700,2
Chikungunya,2023,7,31,2935,2
Chikungunya,2023,7,32,1522,0
Chikungunya,2023,7,33,188,1
Chikungunya,2023,7,35,507,0
Chikungunya,2023,7,41,115,1
Chikungunya,2023,7,42,30,0
Chikungunya,2023,7,43,39,0
Chikungunya,2023,7,50,724,0
Chikungunya,2023,7,51,33,0
Chikungunya,2023,7,52,283,0
Chikungunya,2023,7,53,71,0
Chikungunya,2023,8,11,58,0
Chikungunya,2023,8,12,10,0
Chikungunya,2023,8,13,65,0
Chikungunya,2023,8,14,101,0
Chikungunya,2023,8,15,236,0
Chikungunya,2023,8,16,14,0
Chikungunya,2023,8,17,139,0
Chikungunya,2023,8,21,347,1
Chikungunya,2023,8,22,161,0
Chikungunya,2023,8,23,445,0
Chikungunya,2023,8,24,192,0
Chikungunya,2023,8,25,152,3
Chikungunya,2023,8,26,517,1
Chikungunya,2023,8,27,78,0
Chikungunya,2023,8,28,578,1
Chikungunya,2023,8,29,1079,0
Chikungunya,2023,8,31,1388,3
Chikungunya,2023,8,32,1452,0
Chikungunya,2023,8,33,177,0
Chikungunya,2023,8,35,417,0
Chikungunya,2023,8,41,104,0
Chikungunya,2023,8,42,28,0
Chikungunya,2023,8,43,15,0
Chikungunya,2023,8,50,546,0
Chikungunya,2023,8,51,34,0
Chikungunya,2023,8,52,186,1
Chikungunya,2023,8,53,46,0
Chikungunya,2023,9,11,55,0
Chikungunya,2023,9,12,4,0
Chikungunya,2023,9,13,38,1
Chikungunya,2023,9,14,27,0
Chikungunya,2023,9,15,133,0
Chikungunya,2023,9,16,5,0
Chikungunya,2023,9,17,100,0
Chikungunya,2023,9,21,145,0
Chikungunya,2023,9,22,61,0
Chikungunya,2023,9,23,284,0
Chikungunya,2023,9,24,151,0
Chikungunya,2023,9,25,133,0
Chikungunya,2023,9,26,418,0
Chikungunya,2023,9,27,46,0
Chikungunya,2023,9,28,290,1
Chikungunya,2023,9,29,626,0
Chikungunya,2023,9,31,1099,0
Chikungunya,2023,9,32,920,1
Chikungunya,2023,9,33,183,0
Chikungunya,2023,9,35,358,0
Chikungunya,2023,9,41,87,0
Chikungunya,2023,9,42,16,0
Chikungunya,2023,9,43,12,0
Chikungunya,2023,9,50,259,0
Chikungunya,2023,9,51,49,0
Chikungunya,2023,9,52,149,0
Chikungunya,2023,9,53,33,0
Chikungunya,2023,10,11,59,0
Chikungunya,2023,10,12,5,0
Chikungunya,2023,10,13,15,0
Chikungunya,2023,10,14,25,0
Chikungunya,2023,10,15,130,0
Chikungunya,2023,10,16,23,0
Chikungunya,2023,10,17,104,0
Chikungunya,2023,10,21,71,0
Chikungunya,2023,10,22,29,0
Chikungunya,2023,10,23,239,0
Chikungunya,2023,10,24,157,0
Chikungunya,2023,10,25,128,0
Chikungunya,2023,10,26,393,0
Chikungunya,2023,10,27,39,0
Chikungunya,2023,10,28,211,3
Chikungunya,2023,10,29,613,0
Chikungunya,2023,10,31,1770,0
Chikungunya,2023,10,32,1118,0
Chikungunya,2023,10,33,182,0
Chikungunya,2023,10,35,371,0
Chikungunya,2023,10,41,107,0
Chikungunya,2023,10,42,50,0
Chikungunya,2023,10,43,19,0
Chikungunya,2023,10,50,368,0
Chikungunya,2023,10,51,79,0
Chikungunya,2023,10,52,98,0
Chikungunya,2023,10,53,36,0
Chikungunya,2023,11,11,41,0
Chikungunya,2023,11,12,23,0
Chikungunya,2023,11,13,32,0
Chikungunya,2023,11,14,24,0
Chikungunya,2023,11,15,183,0
Chikungunya,2023,11,16,22,0
Chikungunya,2023,11,17,151,0
Chikungunya,2023,11,21,69,0
Chikungunya,2023,11,22,27,0
Chikungunya,2023,11,23,181,0
Chikungunya,2023,11,24,123,0
Chikungunya,2023,11,25,95,0
Chikungunya,2023,11,26,502,0
Chikungunya,2023,11,27,29,0
Chikungunya,2023,11,28,145,1
Chikungunya,2023,11,29,627,0
Chikungunya,2023,11,31,3765,3
Chikungunya,2023,11,32,631,0
Chikungunya,2023,11,33,188,0
Chikungunya,2023,11,35,449,0
Chikungunya,2023,11,41,57,0
Chikungunya,2023,11,42,30,0
Chikungunya,2023,11,43,22,0
Chikungunya,2023,11,50,508,0
Chikungunya,2023,11,51,52,0
Chikungunya,2023,11,52,161,0
Chikungunya,2023,11,53,37,0
Chikungunya,2023,12,11,75,0
Chikungunya,2023,12,12,63,0
Chikungunya,2023,12,13,47,0
Chikungunya,2023,12,14,33,0
Chikungunya,2023,12,15,153,0
Chikungunya,2023,12,16,10,0
Chikungunya,2023,12,17,140,0
Chikungunya,2023,12,21,51,1
Chikungunya,2023,12,22,35,0
Chikungunya,2023,12,23,145,0
Chikungunya,2023,12,24,107,0
Chikungunya,2023,12,25,116,0
Chikungunya,2023,12,26,433,0
Chikungunya,2023,12,27,23,0
Chikungunya,2023,12,28,127,0
Chikungunya,2023,12,29,529,0
Chikungunya,2023,12,31,8664,5
Chikungunya,2023,12,32,444,0
Chikungunya,2023,12,33,254,1
Chikungunya,2023,12,35,1085,2
Chikungunya,2023,12,41,55,0
Chikungunya,2023,12,42,56,0
Chikungunya,2023,12,43,20,0
Chikungunya,2023,12,50,426,0
Chikungunya,2023,12,51,49,0
Chikungunya,2023,12,52,707,2
Chikungunya,2023,12,53,80,0
Chikungunya,2024,1,11,505,0
Chikungunya,2024,1,12,115,0
Chikungunya,2024,1,13,49,0
Chikungunya,2024,1,14,42,0
Chikungunya,2024,1,15,437,0
Chikungunya,2024,1,16,115,1
Chikungunya,2024,1,17,233,0
Chikungunya,2024,1,21,70,0
Chikungunya,2024,1,22,40,0
Chikungunya,2024,1,23,277,0
Chikungunya,2024,1,24,210,0
Chikungunya,2024,1,25,120,0
Chikungunya,2024,1,26,463,0
Chikungunya,2024,1,27,39,0
Chikungunya,2024,1,28,142,0
Chikungunya,2024,1,29,833,1
Chikungunya,2024,1,31,29766,17
Chikungunya,2024,1,32,545,1
Chikungunya,2024,1,33,824,0
Chikungunya,2024,1,35,1718,1
Chikungunya,2024,1,41,129,0
Chikungunya,2024,1,42,73,0
Chikungunya,2024,1,43,86,0
Chikungunya,2024,1,50,1753,0
Chikungunya,2024,1,51,382,0
Chikungunya,2024,1,52,1534,2
Chikungunya,2024,1,53,218,0
Chikungunya,2024,2,11,493,0
Chikungunya,2024,2,12,58,0
Chikungunya,2024,2,13,72,0
Chikungunya,2024,2,14,106,0
Chikungunya,2024,2,15,1416,0
Chikungunya,2024,2,16,84,0
Chikungunya,2024,2,17,564,0
Chikungunya,2024,2,21,315,0
Chikungunya,2024,2,22,157,1
Chikungunya,2024,2,23,1045,0
Chikungunya,2024,2,24,658,0
Chikungunya,2024,2,25,494,3
Chikungunya,2024,2,26,1626,0
Chikungunya,2024,2,27,83,0
Chikungunya,2024,2,28,402,1
Chikungunya,2024,2,29,3960,2
Chikungunya,2024,2,31,54183,37
Chikungunya,2024,2,32,2110,0
Chikungunya,2024,2,33,1458,0
Chikungunya,2024,2,35,3163,1
Chikungunya,2024,2,41,201,0
Chikungunya,2024,2,42,118,0
Chikungunya,2024,2,43,163,0
Chikungunya,2024,2,50,4684,0
Chikungunya,2024,2,51,2585,1
Chikungunya,2024,2,52,2276,4
Chikungunya,2024,2,53,297,0
Chikungunya,2024,3,11,505,0
Chikungunya,2024,3,12,82,0
Chikungunya,2024,3,13,27,0
Chikungunya,2024,3,14,89,0
Chikungunya,2024,3,15,1650,0
Chikungunya,2024,3,16,111,0
Chikungunya,2024,3,17,630,0
Chikungunya,2024,3,21,709,1
Chikungunya,2024,3,22,312,0
Chikungunya,2024,3,23,2055,0
Chikungunya,2024,3,24,1933,0
Chikungunya,2024,3,25,1690,1
Chikungunya,2024,3,26,3607,0
Chikungunya,2024,3,27,95,0
Chikungunya,2024,3,28,630,0
Chikungunya,2024,3,29,9647,3
Chikungunya,2024,3,31,49251,41
Chikungunya,2024,3,32,4421,1
Chikungunya,2024,3,33,1053,2
Chikungunya,2024,3,35,4458,4
Chikungunya,2024,3,41,266,0
Chikungunya,2024,3,42,124,0
Chikungunya,2024,3,43,212,0
Chikungunya,2024,3,50,7988,1
Chikungunya,2024,3,51,3312,4
Chikungunya,2024,3,52,2584,4
Chikungunya,2024,3,53,325,0
Chikungunya,2024,4,11,221,0
Chikungunya,2024,4,12,81,0
Chikungunya,2024,4,13,88,0
Chikungunya,2024,4,14,50,0
Chikungunya,2024,4,15,1261,0
Chikungunya,2024,4,16,140,0
Chikungunya,2024,4,17,1090,0
Chikungunya,2024,4,21,665,0
Chikungunya,2024,4,22,204,0
Chikungunya,2024,4,23,2391,0
Chikungunya,2024,4,24,1215,0
Chikungunya,2024,4,25,1191,1
Chikungunya,2024,4,26,2954,1
Chikungunya,2024,4,27,69,0
Chikungunya,2024,4,28,478,0
Chikungunya,2024,4,29,6394,1
Chikungunya,2024,4,31,28242,18
Chikungunya,2024,4,32,4499,3
Chikungunya,2024,4,33,962,1
Chikungunya,2024,4,35,4784,3
Chikungunya,2024,4,41,369,0
Chikungunya,2024,4,42,263,0
Chikungunya,2024,4,43,216,0
Chikungunya,2024,4,50,7815,0
Chikungunya,2024,4,51,4202,3
Chikungunya,2024,4,52,2758,2
Chikungunya,2024,4,53,176,0
Chikungunya,2024,5,11,94,0
Chikungunya,2024,5,12,59,0
Chikungunya,2024,5,13,27,0
Chikungunya,2024,5,14,127,0
Chikungunya,2024,5,15,688,0
Chikungunya,2024,5,16,98,0
Chikungunya,2024,5,17,656,0
Chikungunya,2024,5,21,281,0
Chikungunya,2024,5,22,219,0
Chikungunya,2024,5,23,1378,0
Chikungunya,2024,5,24,601,1
Chikungunya,2024,5,25,557,0
Chikungunya,2024,5,26,1632,1
Chikungunya,2024,5,27,89,0
Chikungunya,2024,5,28,254,0
Chikungunya,2024,5,29,3283,1
Chikungunya,2024,5,31,17595,16
Chikungunya,2024,5,32,3385,1
Chikungunya,2024,5,33,781,1
Chikungunya,2024,5,35,5150,3
Chikungunya,2024,5,41,249,0
Chikungunya,2024,5,42,208,0
Chikungunya,2024,5,43,71,0
Chikungunya,2024,5,50,4942,0
Chikungunya,2024,5,51,5347,3
Chikungunya,2024,5,52,2521,1
Chikungunya,2024,5,53,108,0
Chikungunya,2024,6,11,54,0
Chikungunya,2024,6,12,82,0
Chikungunya,2024,6,13,12,0
Chikungunya,2024,6,14,54,0
Chikungunya,2024,6,15,398,0
Chikungunya,2024,6,16,60,0
Chikungunya,2024,6,17,254,0
Chikungunya,2024,6,21,145,0
Chikungunya,2024,6,22,180,1
Chikungunya,2024,6,23,739,0
Chikungunya,2024,6,24,357,0
Chikungunya,2024,6,25,287,0
Chikungunya,2024,6,26,1261,1
Chikungunya,2024,6,27,71,0
Chikungunya,2024,6,28,168,0
Chikungunya,2024,6,29,1409,0
Chikungunya,2024,6,31,7571,2
Chikungunya,2024,6,32,2226,0
Chikungunya,2024,6,33,463,1
Chikungunya,2024,6,35,3145,3
Chikungunya,2024,6,41,141,0
Chikungunya,2024,6,42,80,0
Chikungunya,2024,6,43,52,0
Chikungunya,2024,6,50,1927,0
Chikungunya,2024,6,51,3483,2
Chikungunya,2024,6,52,1336,2
Chikungunya,2024,6,53,52,0
Chikungunya,2024,7,11,49,0
Chikungunya,2024,7,12,69,0
Chikungunya,2024,7,13,31,0
Chikungunya,2024,7,14,20,0
Chikungunya,2024,7,15,298,0
Chikungunya,2024,7,16,98,0
Chikungunya,2024,7,17,84,0
Chikungunya,2024,7,21,91,0
Chikungunya,2024,7,22,82,0
Chikungunya,2024,7,23,572,0
Chikungunya,2024,7,24,406,0
Chikungunya,2024,7,25,407,0
Chikungunya,2024,7,26,1169,1
Chikungunya,2024,7,27,69,3
Chikungunya,2024,7,28,149,0
Chikungunya,2024,7,29,796,0
Chikungunya,2024,7,31,3839,7
Chikungunya,2024,7,32,1612,0
Chikungunya,2024,7,33,307,0
Chikungunya,2024,7,35,1833,0
Chikungunya,2024,7,41,74,0
Chikungunya,2024,7,42,52,0
Chikungunya,2024,7,43,33,0
Chikungunya,2024,7,50,807,0
Chikungunya,2024,7,51,2054,1
Chikungunya,2024,7,52,504,1
Chikungunya,2024,7,53,33,0
Chikungunya,2024,8,11,47,0
Chikungunya,2024,8,12,76,0
Chikungunya,2024,8,13,27,0
Chikungunya,2024,8,14,43,0
Chikungunya,2024,8,15,249,0
Chikungunya,2024,8,16,78,0
Chikungunya,2024,8,17,78,0
Chikungunya,2024,8,21,85,0
Chikungunya,2024,8,22,27,0
Chikungunya,2024,8,23,474,0
Chikungunya,2024,8,24,284,1
Chikungunya,2024,8,25,312,0
Chikungunya,2024,8,26,970,0
Chikungunya,2024,8,27,53,0
Chikungunya,2024,8,28,98,0
Chikungunya,2024,8,29,542,0
Chikungunya,2024,8,31,1611,0
Chikungunya,2024,8,32,849,1
Chikungunya,2024,8,33,163,0
Chikungunya,2024,8,35,1152,1
Chikungunya,2024,8,41,81,0
Chikungunya,2024,8,42,35,0
Chikungunya,2024,8,43,17,0
Chikungunya,2024,8,50,810,0
Chikungunya,2024,8,51,1058,0
Chikungunya,2024,8,52,228,0
Chikungunya,2024,8,53,22,0
Chikungunya,2024,9,11,41,0
Chikungunya,2024,9,12,29,0
Chikungunya,2024,9,13,45,0
Chikungunya,2024,9,14,110,0
Chikungunya,2024,9,15,169,0
Chikungunya,2024,9,16,21,0
Chikungunya,2024,9,17,61,0
Chikungunya,2024,9,21,67,0
Chikungunya,2024,9,22,32,0
Chikungunya,2024,9,23,264,0
Chikungunya,2024,9,24,149,0
Chikungunya,2024,9,25,179,0
Chikungunya,2024,9,26,661,0
Chikungunya,2024,9,27,40,0
Chikungunya,2024,9,28,87,0
Chikungunya,2024,9,29,402,0
Chikungunya,2024,9,31,1225,0
Chikungunya,2024,9,32,603,0
Chikungunya,2024,9,33,168,0
Chikungunya,2024,9,35,1095,0
Chikungunya,2024,9,41,110,0
Chikungunya,2024,9,42,32,0
Chikungunya,2024,9,43,11,0
Chikungunya,2024,9,50,757,0
Chikungunya,2024,9,51,489,2
Chikungunya,2024,9,52,198,0
Chikungunya,2024,9,53,16,0
Chikungunya,2024,10,11,58,0
Chikungunya,2024,10,12,59,0
Chikungunya,2024,10,13,39,0
Chikungunya,2024,10,14,36,0
Chikungunya,2024,10,15,185,0
Chikungunya,2024,10,16,20,0
Chikungunya,2024,10,17,63,0
Chikungunya,2024,10,21,49,0
Chikungunya,2024,10,22,30,0
Chikungunya,2024,10,23,218,0
Chikungunya,2024,10,24,128,0
Chikungunya,2024,10,25,183,0
Chikungunya,2024,10,26,526,0
Chikungunya,2024,10,27,28,0
Chikungunya,2024,10,28,54,0
Chikungunya,2024,10,29,281,0
Chikungunya,2024,10,31,1035,1
Chikungunya,2024,10,32,572,0
Chikungunya,2024,10,33,162,0
Chikungunya,2024,10,35,1135,2
Chikungunya,2024,10,41,71,0
Chikungunya,2024,10,42,25,0
Chikungunya,2024,10,43,18,0
Chikungunya,2024,10,50,784,0
Chikungunya,2024,10,51,432,0
Chikungunya,2024,10,52,142,3
Chikungunya,2024,10,53,34,0
Chikungunya,2024,11,11,67,0
Chikungunya,2024,11,12,27,0
Chikungunya,2024,11,13,40,0
Chikungunya,2024,11,14,33,0
Chikungunya,2024,11,15,132,0
Chikungunya,2024,11,16,18,0
Chikungunya,2024,11,17,76,0
Chikungunya,2024,11,21,62,0
Chikungunya,2024,11,22,15,0
Chikungunya,2024,11,23,244,0
Chikungunya,2024,11,24,89,0
Chikungunya,2024,11,25,157,0
Chikungunya,2024,11,26,370,0
Chikungunya,2024,11,27,23,0
Chikungunya,2024,11,28,39,0
Chikungunya,2024,11,29,315,0
Chikungunya,2024,11,31,1193,2
Chikungunya,2024,11,32,481,0
Chikungunya,2024,11,33,510,1
Chikungunya,2024,11,35,1634,1
Chikungunya,2024,11,41,75,0
Chikungunya,2024,11,42,37,0
Chikungunya,2024,11,43,17,0
Chikungunya,2024,11,50,785,0
Chikungunya,2024,11,51,564,3
Chikungunya,2024,11,52,187,0
Chikungunya,2024,11,53,50,0
Chikungunya,2024,12,11,107,0
Chikungunya,2024,12,12,111,0
Chikungunya,2024,12,13,25,0
Chikungunya,2024,12,14,27,0
Chikungunya,2024,12,15,109,0
Chikungunya,2024,12,16,10,0
Chikungunya,2024,12,17,67,0
Chikungunya,2024,12,21,79,0
Chikungunya,2024,12,22,25,0
Chikungunya,2024,12,23,146,0
Chikungunya,2024,12,24,81,0
Chikungunya,2024,12,25,98,0
Chikungunya,2024,12,26,302,0
Chikungunya,2024,12,27,17,0
Chikungunya,2024,12,28,34,0
Chikungunya,2024,12,29,283,0
Chikungunya,2024,12,31,1466,1
Chikungunya,2024,12,32,860,1
Chikungunya,2024,12,33,288,0
Chikungunya,2024,12,35,2111,3
Chikungunya,2024,12,41,309,0
Chikungunya,2024,12,42,45,0
Chikungunya,2024,12,43,16,0
Chikungunya,2024,12,50,767,0
Chikungunya,2024,12,51,1815,2
Chikungunya,2024,12,52,189,1
Chikungunya,2024,12,53,31,0
Chikungunya,2025,1,11,336,0
Chikungunya,2025,1,12,171,0
Chikungunya,2025,1,13,49,0
Chikungunya,2025,1,14,16,0
Chikungunya,2025,1,15,271,0
Chikungunya,2025,1,16,77,0
Chikungunya,2025,1,17,125,0
Chikungunya,2025,1,21,130,0
Chikungunya,2025,1,22,42,0
Chikungunya,2025,1,23,259,0
Chikungunya,2025,1,24,145,0
Chikungunya,2025,1,25,255,0
Chikungunya,2025,1,26,408,0
Chikungunya,2025,1,27,15,0
Chikungunya,2025,1,28,65,0
Chikungunya,2025,1,29,512,1
Chikungunya,2025,1,31,3298,0
Chikungunya,2025,1,32,2070,0
Chikungunya,2025,1,33,446,2
Chikungunya,2025,1,35,5626,2
Chikungunya,2025,1,41,549,0
Chikungunya,2025,1,42,48,0
Chikungunya,2025,1,43,36,0
Chikungunya,2025,1,50,2640,0
Chikungunya,2025,1,51,10459,13
Chikungunya,2025,1,52,339,0
Chikungunya,2025,1,53,25,0
Chikungunya,2025,2,11,655,1
Chikungunya,2025,2,12,509,0
Chikungunya,2025,2,13,74,0
Chikungunya,2025,2,14,28,0
Chikungunya,2025,2,15,512,0
Chikungunya,2025,2,16,42,0
Chikungunya,2025,2,17,209,0
Chikungunya,2025,2,21,188,0
Chikungunya,2025,2,22,80,0
Chikungunya,2025,2,23,514,0
Chikungunya,2025,2,24,205,0
Chikungunya,2025,2,25,679,0
Chikungunya,2025,2,26,562,0
Chikungunya,2025,2,27,16,0
Chikungunya,2025,2,28,49,0
Chikungunya,2025,2,29,554,0
Chikungunya,2025,2,31,5266,2
Chikungunya,2025,2,32,787,0
Chikungunya,2025,2,33,1031,1
Chikungunya,2025,2,35,4924,3
Chikungunya,2025,2,41,1019,1
Chikungunya,2025,2,42,172,0
Chikungunya,2025,2,43,55,0
Chikungunya,2025,2,50,4522,1
Chikungunya,2025,2,51,15075,24
Chikungunya,2025,2,52,333,0
Chikungunya,2025,2,53,41,0
Chikungunya,2025,3,11,2122,0
Chikungunya,2025,3,12,318,0
Chikungunya,2025,3,13,48,0
Chikungunya,2025,3,14,15,0
Chikungunya,2025,3,15,410,0
Chikungunya,2025,3,16,26,0
Chikungunya,2025,3,17,187,0
Chikungunya,2025,3,21,226,0
Chikungunya,2025,3,22,117,0
Chikungunya,2025,3,23,710,0
Chikungunya,2025,3,24,388,0
Chikungunya,2025,3,25,548,1
Chikungunya,2025,3,26,625,0
Chikungunya,2025,3,27,67,0
Chikungunya,2025,3,28,83,0
Chikungunya,2025,3,29,582,0
Chikungunya,2025,3,31,4863,0
Chikungunya,2025,3,32,594,0
Chikungunya,2025,3,33,553,0
Chikungunya,2025,3,35,3518,1
Chikungunya,2025,3,41,3023,0
Chikungunya,2025,3,42,883,2
Chikungunya,2025,3,43,284,2
Chikungunya,2025,3,50,7925,3
Chikungunya,2025,3,51,9545,18
Chikungunya,2025,3,52,337,0
Chikungunya,2025,3,53,45,0
Chikungunya,2025,4,11,2326,0
Chikungunya,2025,4,12,52,0
Chikungunya,2025,4,13,39,0
Chikungunya,2025,4,14,17,0
Chikungunya,2025,4,15,419,0
Chikungunya,2025,4,16,28,0
Chikungunya,2025,4,17,243,0
Chikungunya,2025,4,21,224,0
Chikungunya,2025,4,22,203,0
Chikungunya,2025,4,23,1106,0
Chikungunya,2025,4,24,499,0
Chikungunya,2025,4,25,374,0
Chikungunya,2025,4,26,856,0
Chikungunya,2025,4,27,115,0
Chikungunya,2025,4,28,67,0
Chikungunya,2025,4,29,709,0
Chikungunya,2025,4,31,4166,0
Chikungunya,2025,4,32,847,0
Chikungunya,2025,4,33,541,0
Chikungunya,2025,4,35,2340,1
Chikungunya,2025,4,41,3006,5
Chikungunya,2025,4,42,818,1
Chikungunya,2025,4,43,477,2
Chikungunya,2025,4,50,10173,4
Chikungunya,2025,4,51,9558,4
Chikungunya,2025,4,52,471,0
Chikungunya,2025,4,53,31,0
Chikungunya,2025,5,11,2257,0
Chikungunya,2025,5,12,44,0
Chikungunya,2025,5,13,41,0
Chikungunya,2025,5,14,30,0
Chikungunya,2025,5,15,304,0
Chikungunya,2025,5,16,9,0
Chikungunya,2025,5,17,256,0
Chikungunya,2025,5,21,244,0
Chikungunya,2025,5,22,172,0
Chikungunya,2025,5,23,1180,0
Chikungunya,2025,5,24,398,0
Chikungunya,2025,5,25,378,0
Chikungunya,2025,5,26,680,0
Chikungunya,2025,5,27,177,0
Chikungunya,2025,5,28,115,0
Chikungunya,2025,5,29,566,0
Chikungunya,2025,5,31,3344,1
Chikungunya,2025,5,32,774,0
Chikungunya,2025,5,33,516,1
Chikungunya,2025,5,35,2001,0
Chikungunya,2025,5,41,1805,1
Chikungunya,2025,5,42,410,0
Chikungunya,2025,5,43,285,0
Chikungunya,2025,5,50,8755,6
Chikungunya,2025,5,51,10664,4
Chikungunya,2025,5,52,580,0
Chikungunya,2025,5,53,47,0
Chikungunya,2025,6,11,1106,0
Chikungunya,2025,6,12,57,0
Chikungunya,2025,6,13,37,0
Chikungunya,2025,6,14,85,0
Chikungunya,2025,6,15,331,0
Chikungunya,2025,6,16,9,0
Chikungunya,2025,6,17,167,0
Chikungunya,2025,6,21,122,0
Chikungunya,2025,6,22,107,0
Chikungunya,2025,6,23,576,0
Chikungunya,2025,6,24,346,0
Chikungunya,2025,6,25,254,1
Chikungunya,2025,6,26,628,0
Chikungunya,2025,6,27,226,0
Chikungunya,2025,6,28,134,0
Chikungunya,2025,6,29,346,0
Chikungunya,2025,6,31,1583,0
Chikungunya,2025,6,32,551,0
Chikungunya,2025,6,33,333,0
Chikungunya,2025,6,35,1460,0
Chikungunya,2025,6,41,718,1
Chikungunya,2025,6,42,126,0
Chikungunya,2025,6,43,56,0
Chikungunya,2025,6,50,4596,2
Chikungunya,2025,6,51,5218,0
Chikungunya,2025,6,52,449,1
Chikungunya,2025,6,53,25,0
Chikungunya,2025,7,11,652,0
Chikungunya,2025,7,12,43,0
Chikungunya,2025,7,13,26,0
Chikungunya,2025,7,14,27,0
Chikungunya,2025,7,15,233,0
Chikungunya,2025,7,16,10,0
Chikungunya,2025,7,17,128,0
Chikungunya,2025,7,21,97,0
Chikungunya,2025,7,22,60,0
Chikungunya,2025,7,23,399,0
Chikungunya,2025,7,24,565,0
Chikungunya,2025,7,25,239,0
Chikungunya,2025,7,26,713,0
Chikungunya,2025,7,27,943,0
Chikungunya,2025,7,28,87,0
Chikungunya,2025,7,29,305,0
Chikungunya,2025,7,31,803,2
Chikungunya,2025,7,32,341,0
Chikungunya,2025,7,33,177,0
Chikungunya,2025,7,35,1020,0
Chikungunya,2025,7,41,285,0
Chikungunya,2025,7,42,66,0
Chikungunya,2025,7,43,36,0
Chikungunya,2025,7,50,2607,1
Chikungunya,2025,7,51,2385,2
Chikungunya,2025,7,52,249,0
Chikungunya,2025,7,53,19,0
Chikungunya,2025,8,11,290,1
Chikungunya,2025,8,12,27,0
Chikungunya,2025,8,13,42,0
Chikungunya,2025,8,14,17,0
Chikungunya,2025,8,15,164,0
Chikungunya,2025,8,16,12,0
Chikungunya,2025,8,17,87,0
Chikungunya,2025,8,21,90,0
Chikungunya,2025,8,22,43,0
Chikungunya,2025,8,23,376,0
Chikungunya,2025,8,24,646,0
Chikungunya,2025,8,25,230,0
Chikungunya,2025,8,26,740,0
Chikungunya,2025,8,27,1213,2
Chikungunya,2025,8,28,91,0
Chikungunya,2025,8,29,246,0
Chikungunya,2025,8,31,587,0
Chikungunya,2025,8,32,216,0
Chikungunya,2025,8,33,121,0
Chikungunya,2025,8,35,695,0
Chikungunya,2025,8,41,208,0
Chikungunya,2025,8,42,57,0
Chikungunya,2025,8,43,24,0
Chikungunya,2025,8,50,1685,0
Chikungunya,2025,8,51,1080,0
Chikungunya,2025,8,52,121,0
Chikungunya,2025,8,53,22,0
Chikungunya,2025,9,11,167,0
Chikungunya,2025,9,12,32,0
Chikungunya,2025,9,13,33,0
Chikungunya,2025,9,14,21,0
Chikungunya,2025,9,15,166,0
Chikungunya,2025,9,16,19,0
Chikungunya,2025,9,17,48,0
Chikungunya,2025,9,21,87,0
Chikungunya,2025,9,22,69,0
Chikungunya,2025,9,23,264,0
Chikungunya,2025,9,24,650,0
Chikungunya,2025,9,25,250,0
Chikungunya,2025,9,26,819,1
Chikungunya,2025,9,27,862,0
Chikungunya,2025,9,28,149,0
Chikungunya,2025,9,29,282,0
Chikungunya,2025,9,31,812,0
Chikungunya,2025,9,32,266,0
Chikungunya,2025,9,33,138,0
Chikungunya,2025,9,35,759,0
Chikungunya,2025,9,41,267,0
Chikungunya,2025,9,42,59,0
Chikungunya,2025,9,43,35,0
Chikungunya,2025,9,50,1789,0
Chikungunya,2025,9,51,783,1
Chikungunya,2025,9,52,110,0
Chikungunya,2025,9,53,30,0
Chikungunya,2025,10,11,161,0
Chikungunya,2025,10,12,46,0
Chikungunya,2025,10,13,40,0
Chikungunya,2025,10,14,17,0
Chikungunya,2025,10,15,135,0
Chikungunya,2025,10,16,9,0
Chikungunya,2025,10,17,65,0
Chikungunya,2025,10,21,61,0
Chikungunya,2025,10,22,35,0
Chikungunya,2025,10,23,204,0
Chikungunya,2025,10,24,408,0
Chikungunya,2025,10,25,244,0
Chikungunya,2025,10,26,658,0
Chikungunya,2025,10,27,646,0
Chikungunya,2025,10,28,193,0
Chikungunya,2025,10,29,230,0
Chikungunya,2025,10,31,865,0
Chikungunya,2025,10,32,215,0
Chikungunya,2025,10,33,128,0
Chikungunya,2025,10,35,909,0
Chikungunya,2025,10,41,257,0
Chikungunya,2025,10,42,71,0
Chikungunya,2025,10,43,68,0
Chikungunya,2025,10,50,1604,0
Chikungunya,2025,10,51,672,0
Chikungunya,2025,10,52,92,0
Chikungunya,2025,10,53,39,0
Chikungunya,2025,11,11,139,0
Chikungunya,2025,11,12,32,0
Chikungunya,2025,11,13,22,0
Chikungunya,2025,11,14,15,0
Chikungunya,2025,11,15,129,0
Chikungunya,2025,11,16,1,0
Chikungunya,2025,11,17,52,0
Chikungunya,2025,11,21,40,0
Chikungunya,2025,11,22,24,0
Chikungunya,2025,11,23,205,0
Chikungunya,2025,11,24,217,0
Chikungunya,2025,11,25,141,0
Chikungunya,2025,11,26,510,0
Chikungunya,2025,11,27,221,0
Chikungunya,2025,11,28,114,0
Chikungunya,2025,11,29,185,0
Chikungunya,2025,11,31,889,1
Chikungunya,2025,11,32,162,0
Chikungunya,2025,11,33,102,0
Chikungunya,2025,11,35,965,0
Chikungunya,2025,11,41,217,0
Chikungunya,2025,11,42,109,0
Chikungunya,2025,11,43,57,0
Chikungunya,2025,11,50,1973,0
Chikungunya,2025,11,51,566,0
Chikungunya,2025,11,52,101,0
Chikungunya,2025,11,53,43,0
Chikungunya,2025,12,11,106,0
Chikungunya,2025,12,12,37,0
Chikungunya,2025,12,13,30,0
Chikungunya,2025,12,14,22,0
Chikungunya,2025,12,15,103,0
Chikungunya,2025,12,16,9,0
Chikungunya,2025,12,17,90,0
Chikungunya,2025,12,21,48,0
Chikungunya,2025,12,22,25,0
Chikungunya,2025,12,23,179,0
Chikungunya,2025,12,24,145,0
Chikungunya,2025,12,25,108,0
Chikungunya,2025,12,26,361,0
Chikungunya,2025,12,27,199,0
Chikungunya,2025,12,28,72,0
Chikungunya,2025,12,29,151,0
Chikungunya,2025,12,31,819,0
Chikungunya,2025,12,32,127,0
Chikungunya,2025,12,33,124,0
Chikungunya,2025,12,35,867,0
Chikungunya,2025,12,41,237,0
Chikungunya,2025,12,42,137,0
Chikungunya,2025,12,43,56,0
Chikungunya,2025,12,50,1812,0
Chikungunya,2025,12,51,364,0
Chikungunya,2025,12,52,193,0
Chikungunya,2025,12,53,42,0
Chikungunya,2026,1,11,297,0
Chikungunya,2026,1,12,54,0
Chikungunya,2026,1,13,27,0
Chikungunya,2026,1,14,21,0
Chikungunya,2026,1,15,143,0
Chikungunya,2026,1,16,5,0
Chikungunya,2026,1,17,152,0
Chikungunya,2026,1,21,59,0
Chikungunya,2026,1,22,24,0
Chikungunya,2026,1,23,290,0
Chikungunya,2026,1,24,137,0
Chikungunya,2026,1,25,119,0
Chikungunya,2026,1,26,347,0
Chikungunya,2026,1,27,88,0
Chikungunya,2026,1,28,74,0
Chikungunya,2026,1,29,131,0
Chikungunya,2026,1,31,1348,0
Chikungunya,2026,1,32,127,0
Chikungunya,2026,1,33,166,0
Chikungunya,2026,1,35,1040,0
Chikungunya,2026,1,41,269,0
Chikungunya,2026,1,42,143,0
Chikungunya,2026,1,43,104,0
Chikungunya,2026,1,50,2277,0
Chikungunya,2026,1,51,486,2
Chikungunya,2026,1,52,1856,2
Chikungunya,2026,1,53,25,0
Chikungunya,2026,2,11,389,1
Chikungunya,2026,2,12,52,0
Chikungunya,2026,2,13,34,0
Chikungunya,2026,2,14,24,0
Chikungunya,2026,2,15,161,0
Chikungunya,2026,2,16,8,0
Chikungunya,2026,2,17,205,0
Chikungunya,2026,2,21,126,0
Chikungunya,2026,2,22,57,0
Chikungunya,2026,2,23,470,0
Chikungunya,2026,2,24,185,0
Chikungunya,2026,2,25,188,0
Chikungunya,2026,2,26,489,0
Chikungunya,2026,2,27,86,0
Chikungunya,2026,2,28,46,0
Chikungunya,2026,2,29,183,1
Chikungunya,2026,2,31,2361,0
Chikungunya,2026,2,32,126,0
Chikungunya,2026,2,33,223,0
Chikungunya,2026,2,35,995,1
Chikungunya,2026,2,41,245,0
Chikungunya,2026,2,42,140,0
Chikungunya,2026,2,43,92,0
Chikungunya,2026,2,50,2576,3
Chikungunya,2026,2,51,423,0
Chikungunya,2026,2,52,2799,0
Chikungunya,2026,2,53,21,0
Chikungunya,2026,3,11,461,0
Chikungunya,2026,3,12,37,0
Chikungunya,2026,3,13,34,0
Chikungunya,2026,3,14,12,1
Chikungunya,2026,3,15,231,0
Chikungunya,2026,3,16,19,0
Chikungunya,2026,3,17,177,0
Chikungunya,2026,3,21,310,0
Chikungunya,2026,3,22,114,0
Chikungunya,2026,3,23,812,0
Chikungunya,2026,3,24,290,0
Chikungunya,2026,3,25,253,0
Chikungunya,2026,3,26,628,0
Chikungunya,2026,3,27,102,0
Chikungunya,2026,3,28,129,0
Chikungunya,2026,3,29,580,0
Chikungunya,2026,3,31,5392,2
Chikungunya,2026,3,32,155,0
Chikungunya,2026,3,33,823,0
Chikungunya,2026,3,35,1348,1
Chikungunya,2026,3,41,216,0
Chikungunya,2026,3,42,165,0
Chikungunya,2026,3,43,67,0
Chikungunya,2026,3,50,7075,7
Chikungunya,2026,3,51,522,0
Chikungunya,2026,3,52,3474,1
Chikungunya,2026,3,53,45,0
Chikungunya,2026,4,11,287,0
Chikungunya,2026,4,12,28,0
Chikungunya,2026,4,13,23,0
Chikungunya,2026,4,14,24,0
Chikungunya,2026,4,15,177,0
Chikungunya,2026,4,16,24,0
Chikungunya,2026,4,17,138,0
Chikungunya,2026,4,21,256,0
Chikungunya,2026,4,22,76,0
Chikungunya,2026,4,23,1158,0
Chikungunya,2026,4,24,187,0
Chikungunya,2026,4,25,229,0
Chikungunya,2026,4,26,668,0
Chikungunya,2026,4,27,155,0
Chikungunya,2026,4,28,149,0
Chikungunya,2026,4,29,681,0
Chikungunya,2026,4,31,4767,1
Chikungunya,2026,4,32,135,0
Chikungunya,2026,4,33,783,0
Chikungunya,2026,4,35,1146,1
Chikungunya,2026,4,41,274,0
Chikungunya,2026,4,42,111,0
Chikungunya,2026,4,43,72,0
Chikungunya,2026,4,50,10466,9
Chikungunya,2026,4,51,420,0
Chikungunya,2026,4,52,2558,0
Chikungunya,2026,4,53,64,0
Chikungunya,2026,5,11,234,0
Chikungunya,2026,5,12,37,0
Chikungunya,2026,5,13,28,0
Chikungunya,2026,5,14,7,0
Chikungunya,2026,5,15,144,0
Chikungunya,2026,5,16,10,0
Chikungunya,2026,5,17,126,0
Chikungunya,2026,5,21,252,0
Chikungunya,2026,5,22,71,0
Chikungunya,2026,5,23,933,0
Chikungunya,2026,5,24,203,0
Chikungunya,2026,5,25,203,0
Chikungunya,2026,5,26,1114,3
Chikungunya,2026,5,27,317,1
Chikungunya,2026,5,28,58,0
Chikungunya,2026,5,29,2012,0
Chikungunya,2026,5,31,3553,0
Chikungunya,2026,5,32,121,0
Chikungunya,2026,5,33,826,0
Chikungunya,2026,5,35,1279,0
Chikungunya,2026,5,41,219,0
Chikungunya,2026,5,42,46,0
Chikungunya,2026,5,43,31,0
Chikungunya,2026,5,50,5762,4
Chikungunya,2026,5,51,189,0
Chikungunya,2026,5,52,1376,0
Chikungunya,2026,5,53,116,0
Chikungunya,2026,6,11,18,0
Chikungunya,2026,6,12,22,0
Chikungunya,2026,6,13,2,0
Chikungunya,2026,6,14,7,0
Chikungunya,2026,6,15,29,0
Chikungunya,2026,6,17,31,0
Chikungunya,2026,6,21,18,0
Chikungunya,2026,6,22,19,0
Chikungunya,2026,6,23,208,0
Chikungunya,2026,6,24,86,0
Chikungunya,2026,6,25,34,0
Chikungunya,2026,6,26,389,0
Chikungunya,2026,6,27,67,0
Chikungunya,2026,6,28,19,0
Chikungunya,2026,6,29,206,0
Chikungunya,2026,6,31,272,0
Chikungunya,2026,6,32,38,0
Chikungunya,2026,6,33,195,0
Chikungunya,2026,6,35,305,0
Chikungunya,2026,6,41,36,0
Chikungunya,2026,6,42,7,0
Chikungunya,2026,6,43,8,0
Chikungunya,2026,6,50,1052,0
Chikungunya,2026,6,51,54,0
Chikungunya,2026,6,52,136,0
Chikungunya,2026,6,53,40,0
Febre Amarela,2016,1,52,1,1
Febre Amarela,2016,3,35,1,1
Febre Amarela,2016,3,52,1,1
Febre Amarela,2016,4,52,1,1
Febre Amarela,2016,5,13,1,0
Febre Amarela,2016,7,13,1,1
Febre Amarela,2016,12,31,43,30
Febre Amarela,2016,12,35,2,2
Febre Amarela,2017,1,17,1,1
Febre Amarela,2017,1,31,369,106
Febre Amarela,2017,1,32,75,14
Febre Amarela,2017,1,35,3,1
Febre Amarela,2017,2,31,35,10
Febre Amarela,2017,2,32,50,20
Febre Amarela,2017,2,33,1,1
Febre Amarela,2017,2,53,1,1
Febre Amarela,2017,3,13,1,0
Febre Amarela,2017,3,15,5,4
Febre Amarela,2017,3,31,10,1
Febre Amarela,2017,3,32,68,22
Febre Amarela,2017,3,33,11,1
Febre Amarela,2017,3,35,11,4
Febre Amarela,2017,3,52,1,1
Febre Amarela,2017,4,15,3,0
Febre Amarela,2017,4,31,5,3
Febre Amarela,2017,4,32,56,25
Febre Amarela,2017,4,33,7,4
Febre Amarela,2017,4,35,5,2
Febre Amarela,2017,5,31,1,1
Febre Amarela,2017,5,32,2,2
Febre Amarela,2017,5,33,5,2
Febre Amarela,2017,5,35,1,1
Febre Amarela,2017,5,51,1,1
Febre Amarela,2017,6,31,2,1
Febre Amarela,2017,6,32,1,0
Febre Amarela,2017,6,33,1,0
Febre Amarela,2017,7,32,1,1
Febre Amarela,2017,7,33,1,0
Febre Amarela,2017,8,32,1,0
Febre Amarela,2017,9,35,1,0
Febre Amarela,2017,10,35,1,1
Febre Amarela,2017,11,35,2,0
Febre Amarela,2017,11,53,1,1
Febre Amarela,2017,12,31,12,10
Febre Amarela,2017,12,32,1,0
Febre Amarela,2017,12,33,2,1
Febre Amarela,2017,12,35,52,27
Febre Amarela,2018,1,31,303,105
Febre Amarela,2018,1,32,3,0
Febre Amarela,2018,1,33,100,34
Febre Amarela,2018,1,35,248,74
Febre Amarela,2018,2,31,186,53
Febre Amarela,2018,2,33,116,39
Febre Amarela,2018,2,35,108,38
Febre Amarela,2018,3,31,25,8
Febre Amarela,2018,3,33,32,12
Febre Amarela,2018,3,35,110,47
Febre Amarela,2018,4,31,6,5
Febre Amarela,2018,4,33,28,9
Febre Amarela,2018,4,35,27,12
Febre Amarela,2018,5,33,2,1
Febre Amarela,2018,5,35,6,4
Febre Amarela,2018,6,33,1,1
Febre Amarela,2018,10,35,1,1
Febre Amarela,2018,12,13,1,0
Febre Amarela,2018,12,35,5,3
Febre Amarela,2019,1,35,42,10
Febre Amarela,2019,1,41,5,0
Febre Amarela,2019,2,13,1,0
Febre Amarela,2019,2,15,1,0
Febre Amarela,2019,2,35,19,2
Febre Amarela,2019,2,41,3,1
Febre Amarela,2019,3,15,1,1
Febre Amarela,2019,3,35,8,0
Febre Amarela,2019,3,41,3,0
Febre Amarela,2019,3,42,1,1
Febre Amarela,2019,4,35,1,0
Febre Amarela,2019,4,41,1,0
Febre Amarela,2019,5,15,1,1
Febre Amarela,2019,5,35,1,0
Febre Amarela,2019,6,42,1,1
Febre Amarela,2019,7,15,1,1
Febre Amarela,2020,1,12,1,1
Febre Amarela,2020,1,42,3,0
Febre Amarela,2020,2,42,5,1
Febre Amarela,2020,3,42,4,1
Febre Amarela,2020,4,42,4,0
Febre Amarela,2020,5,42,1,0
Febre Amarela,2021,1,42,1,0
Febre Amarela,2021,2,42,1,0
Febre Amarela,2021,3,42,3,2
Febre Amarela,2021,4,42,2,1
Febre Amarela,2021,5,15,1,0
Febre Amarela,2021,5,42,1,0
Febre Amarela,2021,7,15,1,1
Febre Amarela,2021,12,15,1,1
Febre Amarela,2022,3,15,1,1
Febre Amarela,2022,3,17,2,1
Febre Amarela,2022,12,35,1,0
Febre Amarela,2023,2,13,1,0
Febre Amarela,2023,2,35,2,1
Febre Amarela,2023,4,13,1,1
Febre Amarela,2023,4,35,1,1
Febre Amarela,2023,8,14,1,1
Febre Amarela,2024,2,13,1,1
Febre Amarela,2024,3,13,1,1
Febre Amarela,2024,3,15,1,0
Febre Amarela,2024,3,31,1,1
Febre Amarela,2024,4,35,1,0
Febre Amarela,2024,5,15,1,0
Febre Amarela,2024,12,31,1,0
Febre Amarela,2024,12,35,2,1
Febre Amarela,2025,1,17,1,1
Febre Amarela,2025,1,31,1,1
Febre Amarela,2025,1,35,12,8
Febre Amarela,2025,2,15,25,6
Febre Amarela,2025,2,31,5,3
Febre Amarela,2025,2,35,23,11
Febre Amarela,2025,3,15,19,1
Febre Amarela,2025,3,31,4,1
Febre Amarela,2025,3,35,20,12
Febre Amarela,2025,4,15,1,0
Febre Amarela,2025,4,31,1,0
Febre Amarela,2025,4,35,5,3
Febre Amarela,2025,5,31,1,0
Febre Amarela,2025,5,35,1,1
Febre Amarela,2025,6,15,1,0
Febre Amarela,2026,3,15,1,1
Febre Amarela,2026,3,35,5,2
Febre Amarela,2026,4,15,1,0
Febre Amarela,2026,4,35,5,4
Febre Amarela,2026,5,15,1,0
Febre Amarela,2026,5,35,1,0
