Cod_UF,Ano,Mes,Casos
11,2024,7,1
11,2024,12,1
11,2025,1,3
11,2025,2,3
11,2025,3,23
11,2025,4,8
11,2025,5,15
11,2025,6,6
11,2025,7,7
11,2025,8,3
11,2025,9,6
11,2025,10,2
11,2025,11,4
11,2026,1,3
11,2026,2,4
11,2026,3,7
11,2026,4,2
11,2026,5,2
12,2024,7,3
12,2024,8,7
12,2024,9,5
12,2024,10,6
12,2024,11,2
12,2024,12,6
12,2025,1,7
12,2025,2,6
12,2025,3,8
12,2025,4,2
12,2025,5,1
12,2025,6,2
12,2025,7,2
12,2025,8,4
12,2025,9,6
12,2025,10,5
12,2025,11,1
12,2025,12,1
12,2026,2,1
12,2026,3,3
12,2026,4,7
12,2026,5,10
13,2024,7,5
13,2024,8,3
13,2024,9,4
13,2024,10,4
13,2024,11,2
13,2024,12,2
13,2025,1,4
13,2025,2,3
13,2025,3,3
13,2025,4,2
13,2025,5,1
13,2025,6,5
13,2025,7,2
13,2025,9,6
13,2025,10,8
13,2025,11,1
13,2025,12,3
13,2026,1,2
13,2026,2,2
13,2026,3,4
13,2026,4,2
13,2026,5,3
14,2024,7,3
14,2024,8,3
14,2024,10,1
14,2024,11,1
14,2024,12,2
14,2025,1,1
14,2025,2,2
14,2025,4,1
14,2025,5,1
14,2025,8,2
14,2025,9,4
14,2025,10,2
14,2025,11,1
14,2026,2,2
14,2026,3,2
15,2024,7,7
15,2024,8,16
15,2024,9,5
15,2024,10,2
15,2024,11,9
15,2024,12,5
15,2025,1,2
15,2025,2,7
15,2025,3,8
15,2025,4,12
15,2025,5,4
15,2025,6,7
15,2025,7,5
15,2025,8,4
15,2025,9,4
15,2025,10,7
15,2025,11,7
15,2025,12,1
15,2026,1,6
15,2026,2,8
15,2026,3,12
15,2026,4,11
15,2026,5,17
16,2024,7,39
16,2024,8,42
16,2024,9,14
16,2024,10,8
16,2024,11,2
16,2024,12,2
16,2025,1,3
16,2025,2,4
16,2025,3,2
16,2025,4,3
16,2025,5,2
16,2025,6,1
16,2025,7,1
16,2025,8,1
16,2025,11,2
16,2026,2,1
16,2026,3,3
16,2026,4,2
17,2024,7,2
17,2024,8,2
17,2024,9,1
17,2024,10,1
17,2024,11,3
17,2024,12,6
17,2025,1,12
17,2025,2,6
17,2025,3,3
17,2025,5,1
17,2025,7,2
17,2025,8,1
17,2025,9,1
17,2025,10,3
17,2025,11,6
17,2025,12,7
17,2026,1,2
17,2026,2,13
17,2026,3,72
17,2026,4,74
17,2026,5,70
21,2024,7,18
21,2024,8,13
21,2024,9,13
21,2024,10,7
21,2024,11,18
21,2024,12,14
21,2025,1,11
21,2025,2,11
21,2025,3,11
21,2025,4,10
21,2025,5,18
21,2025,6,14
21,2025,7,30
21,2025,8,25
21,2025,9,18
21,2025,10,13
21,2025,11,8
21,2025,12,16
21,2026,1,10
21,2026,2,13
21,2026,3,21
21,2026,4,46
21,2026,5,20
22,2024,7,2
22,2024,9,2
22,2024,12,1
22,2025,2,2
22,2025,3,3
22,2025,4,8
22,2025,5,2
22,2025,6,5
22,2025,9,5
22,2025,10,1
22,2025,12,1
22,2026,3,3
23,2024,7,5
23,2024,8,2
23,2024,9,8
23,2024,10,3
23,2024,11,2
23,2024,12,1
23,2025,1,1
23,2025,2,2
23,2025,3,4
23,2025,4,5
23,2025,5,8
23,2025,6,6
23,2025,7,5
23,2025,8,16
23,2025,9,12
23,2025,10,4
23,2025,11,6
23,2025,12,4
23,2026,1,1
23,2026,2,8
23,2026,3,13
23,2026,4,16
23,2026,5,45
24,2024,7,69
24,2024,8,50
24,2024,9,32
24,2024,10,23
24,2024,11,23
24,2024,12,14
24,2025,1,25
24,2025,2,62
24,2025,3,141
24,2025,4,129
24,2025,5,77
24,2025,6,46
24,2025,7,74
24,2025,8,82
24,2025,9,55
24,2025,10,44
24,2025,11,24
24,2025,12,13
24,2026,1,9
24,2026,2,27
24,2026,3,86
24,2026,4,43
24,2026,5,65
25,2024,7,6
25,2024,8,6
25,2024,9,2
25,2024,10,2
25,2024,11,5
25,2024,12,4
25,2025,1,2
25,2025,3,2
25,2025,4,1
25,2025,5,2
25,2025,6,4
25,2025,7,2
25,2025,8,1
25,2025,10,2
25,2025,11,2
25,2025,12,2
25,2026,2,2
25,2026,3,2
26,2024,7,22
26,2024,8,16
26,2024,9,11
26,2024,10,11
26,2024,11,5
26,2024,12,7
26,2025,1,7
26,2025,2,10
26,2025,3,8
26,2025,4,8
26,2025,5,6
26,2025,6,5
26,2025,7,8
26,2025,8,15
26,2025,9,6
26,2025,10,12
26,2025,11,12
26,2025,12,3
26,2026,1,5
26,2026,2,4
26,2026,3,10
26,2026,4,30
26,2026,5,51
27,2024,7,11
27,2024,8,4
27,2024,9,2
27,2024,10,4
27,2024,11,3
27,2025,1,6
27,2025,3,2
27,2025,4,3
27,2025,6,5
27,2025,7,5
27,2025,8,13
27,2025,9,6
27,2025,10,6
27,2025,11,4
27,2025,12,3
27,2026,1,4
27,2026,2,8
27,2026,3,9
27,2026,4,9
27,2026,5,9
28,2025,3,2
28,2025,5,1
28,2025,7,2
28,2025,9,4
28,2025,10,1
28,2025,11,2
28,2025,12,1
28,2026,1,1
28,2026,4,2
28,2026,5,3
29,2024,7,23
29,2024,8,47
29,2024,9,38
29,2024,10,40
29,2024,11,26
29,2024,12,25
29,2025,1,54
29,2025,2,27
29,2025,3,27
29,2025,4,29
29,2025,5,60
29,2025,6,22
29,2025,7,17
29,2025,8,17
29,2025,9,13
29,2025,10,9
29,2025,11,9
29,2025,12,19
29,2026,1,9
29,2026,2,10
29,2026,3,24
29,2026,4,19
29,2026,5,36
31,2024,7,1
31,2024,8,2
31,2024,9,2
31,2024,11,5
31,2024,12,6
31,2025,1,4
31,2025,2,4
31,2025,3,8
31,2025,4,5
31,2025,5,3
31,2025,6,3
31,2025,7,5
31,2025,8,4
31,2025,9,5
31,2025,11,1
31,2025,12,2
31,2026,1,3
31,2026,2,4
31,2026,3,10
31,2026,4,14
31,2026,5,10
32,2024,7,1
32,2024,8,1
32,2024,9,1
32,2024,10,1
32,2024,11,2
32,2024,12,7
32,2025,4,1
32,2025,8,1
32,2025,9,2
32,2025,11,1
32,2026,2,3
32,2026,3,1
32,2026,4,2
32,2026,5,12
32,2026,6,4
33,2025,2,1
33,2025,5,1
33,2026,4,1
35,2024,7,2
35,2024,8,10
35,2024,9,4
35,2024,10,5
35,2024,11,2
35,2024,12,4
35,2025,1,2
35,2025,2,2
35,2025,3,3
35,2025,4,1
35,2025,5,1
35,2025,6,1
35,2025,7,2
35,2025,11,1
35,2026,2,1
35,2026,3,5
35,2026,4,3
35,2026,5,7
41,2024,8,1
41,2024,9,1
41,2024,12,1
41,2025,10,3
41,2025,11,1
41,2026,4,3
41,2026,5,7
42,2024,7,2
42,2024,9,1
42,2024,11,1
42,2025,1,1
42,2025,10,1
42,2025,12,1
42,2026,1,2
42,2026,3,1
42,2026,4,2
43,2024,7,1
43,2024,11,1
43,2025,4,1
43,2025,8,1
43,2025,10,1
43,2025,12,1
43,2026,3,1
43,2026,4,3
50,2024,7,2
50,2024,8,2
50,2024,9,2
50,2024,10,4
50,2024,11,2
50,2024,12,2
50,2025,1,5
50,2025,2,21
50,2025,3,105
50,2025,4,80
50,2025,5,16
50,2025,6,91
50,2025,7,2
50,2025,8,8
50,2025,9,7
50,2025,10,6
50,2025,11,7
50,2025,12,10
50,2026,1,2
50,2026,2,2
50,2026,3,3
50,2026,4,2
50,2026,5,1
51,2024,7,25
51,2024,8,25
51,2024,9,14
51,2024,10,14
51,2024,11,19
51,2024,12,55
51,2025,1,213
51,2025,2,263
51,2025,3,231
51,2025,4,221
51,2025,5,140
51,2025,6,81
51,2025,7,39
51,2025,8,22
51,2025,9,26
51,2025,10,39
51,2025,11,27
51,2025,12,36
51,2026,1,30
51,2026,2,52
51,2026,3,88
51,2026,4,61
51,2026,5,8
52,2024,7,14
52,2024,8,8
52,2024,9,1
52,2024,10,11
52,2024,11,7
52,2024,12,22
52,2025,1,12
52,2025,2,1
52,2025,3,2
52,2025,4,3
52,2025,5,5
52,2025,6,2
52,2025,8,9
52,2025,9,11
52,2025,11,1
52,2026,1,1
52,2026,2,2
52,2026,3,3
52,2026,4,5
52,2026,5,11
53,2024,7,1
53,2024,8,1
53,2024,11,1
53,2025,10,2
53,2025,11,1
53,2025,12,3
